"ANO","ELECCION","CODIGO_ESTADO","SECCION","CODIGO_MUNICIPIO","DISTRITO_LOC","PAN","PCP","PES","PJ","PMOR","PNA","PPC","PRC","PRD","PRI","PSI","PT","PUDC","PVEM"
"2017","gob",5,1,1,5,200,1,3,6,36,1,0,1,0,325,1,1,0,2
"2017","gob",5,2,1,5,102,0,0,0,9,0,0,0,0,107,0,1,0,0
"2017","gob",5,3,8,4,1181,1,4,19,65,5,3,2,40,528,2,12,482,11
"2017","gob",5,4,14,7,2813,1,25,97,128,6,3,6,144,1194,3,24,1137,24
"2017","gob",5,5,6,3,797,0,6,14,49,4,3,2,24,297,4,9,313,26
"2017","gob",5,6,4,2,408,0,2,3,19,2,1,0,11,177,2,2,144,5
"2017","gob",5,7,4,2,529,2,0,12,20,4,1,1,14,231,0,6,187,5
"2017","gob",5,8,4,2,537,0,7,19,31,8,0,0,21,297,3,7,204,2
"2017","gob",5,10,40,20,5909,4,18,258,354,31,6,3,319,2632,13,74,2307,70
"2017","gob",5,11,8,4,1243,0,4,16,57,14,0,4,61,552,2,12,492,13
"2017","gob",5,12,10,5,1517,1,16,22,56,17,4,2,58,660,2,10,585,15
"2017","gob",5,13,2,1,202,0,0,1,8,6,0,1,5,106,0,1,66,1
"2017","gob",5,14,4,2,315,1,5,6,23,6,1,0,7,156,3,1,113,4
"2017","gob",5,15,2,1,318,0,1,12,14,2,0,0,15,182,3,3,116,3
"2017","gob",5,16,4,2,316,0,0,8,14,3,1,0,5,187,2,1,96,4
"2017","gob",5,17,6,3,788,1,6,19,47,17,2,2,10,290,1,4,241,6
"2017","gob",5,18,6,3,800,1,3,16,47,7,1,0,33,380,2,11,296,9
"2017","gob",5,19,28,14,5140,2,22,140,260,24,8,7,214,1913,12,45,2061,36
"2017","gob",5,20,4,2,446,0,1,6,22,4,2,0,9,165,1,4,161,2
"2017","gob",5,21,4,2,552,0,8,9,19,2,2,0,17,201,2,5,217,3
"2017","gob",5,22,4,2,421,1,2,2,18,2,1,1,7,152,5,3,171,2
"2017","gob",5,23,2,1,197,0,1,2,20,2,1,0,7,113,0,4,66,1
"2017","gob",5,24,2,1,259,0,2,2,13,3,0,1,6,117,0,0,87,1
"2017","gob",5,25,6,3,793,0,4,18,57,4,3,0,9,322,2,8,252,7
"2017","gob",5,26,2,1,450,1,0,1,20,6,1,2,2,125,0,2,167,1
"2017","gob",5,27,4,2,412,0,2,8,15,2,0,1,15,162,5,5,167,4
"2017","gob",5,28,4,2,687,1,4,26,28,4,2,3,29,323,2,7,271,9
"2017","gob",5,29,6,3,807,2,1,23,36,5,1,3,32,351,2,5,325,11
"2017","gob",5,30,4,2,592,0,0,9,31,8,0,1,13,211,1,0,201,2
"2017","gob",5,31,18,9,3350,0,32,51,157,40,1,7,111,1192,9,28,1323,33
"2017","gob",5,32,4,2,300,0,4,33,21,3,0,3,6,272,1,2,109,8
"2017","gob",5,33,18,9,2967,2,22,79,187,18,3,21,161,1219,9,18,1191,30
"2017","gob",5,34,12,6,2010,1,14,54,99,7,3,7,124,996,7,21,799,16
"2017","gob",5,35,12,6,1900,0,13,54,96,9,1,7,93,890,9,20,744,17
"2017","gob",5,36,4,2,706,0,5,9,35,1,0,8,19,285,5,4,293,3
"2017","gob",5,37,4,2,578,2,3,31,18,2,0,1,24,273,2,10,243,6
"2017","gob",5,41,18,9,2678,1,12,82,102,4,8,19,119,1129,6,20,1087,23
"2017","gob",5,42,15,25,1144,2,1,5,115,60,2,1,16,644,1,26,298,8
"2017","gob",5,43,9,15,646,1,1,0,81,12,1,4,7,344,2,12,195,2
"2017","gob",5,44,6,10,427,0,0,0,26,6,1,1,3,335,0,3,100,4
"2017","gob",5,45,3,5,293,0,2,0,29,2,0,0,5,139,0,4,76,0
"2017","gob",5,46,6,10,344,0,1,3,29,8,2,1,3,181,1,7,90,0
"2017","gob",5,47,9,15,784,2,0,1,73,13,1,0,10,386,2,16,251,2
"2017","gob",5,48,3,5,287,1,0,0,23,3,0,3,4,218,1,7,83,0
"2017","gob",5,49,6,10,425,2,5,1,30,7,1,1,6,278,1,6,109,1
"2017","gob",5,50,6,10,525,6,1,0,45,9,1,1,3,258,1,9,145,4
"2017","gob",5,51,9,15,842,1,0,1,91,29,1,1,10,445,2,18,219,3
"2017","gob",5,52,3,5,265,0,0,0,37,8,0,1,3,146,0,2,67,0
"2017","gob",5,53,6,10,298,0,0,0,50,9,1,0,2,181,0,11,70,1
"2017","gob",5,54,6,10,556,0,3,1,40,18,1,1,7,262,1,7,154,2
"2017","gob",5,55,6,10,559,0,2,1,42,24,1,1,4,419,0,7,205,1
"2017","gob",5,56,3,5,18,0,0,2,4,2,0,0,0,55,0,1,4,0
"2017","gob",5,57,24,72,912,2,6,94,270,11,4,2,84,1091,15,21,7,10
"2017","gob",5,58,4,12,162,1,0,23,39,6,3,0,4,206,0,3,2,1
"2017","gob",5,59,12,36,448,3,6,32,81,10,1,7,41,507,11,6,8,13
"2017","gob",5,61,4,12,19,0,2,7,5,0,0,0,8,149,0,6,0,2
"2017","gob",5,63,8,24,157,6,4,18,69,2,1,5,17,375,5,3,3,4
"2017","gob",5,64,8,24,130,0,2,92,34,5,3,2,2,638,2,9,1,2
"2017","gob",5,66,4,12,92,0,4,21,34,3,1,1,4,312,1,2,0,8
"2017","gob",5,67,4,12,34,0,0,2,5,2,1,0,0,69,0,1,0,1
"2017","gob",5,68,4,12,57,1,14,5,5,2,0,1,3,150,1,3,1,0
"2017","gob",5,69,12,36,136,17,7,6,29,1,1,2,12,522,4,92,2,4
"2017","gob",5,70,4,12,87,1,2,2,13,2,0,1,2,182,1,14,8,3
"2017","gob",5,71,4,12,59,1,2,0,2,1,0,1,7,77,1,0,1,0
"2017","gob",5,72,4,12,28,0,1,2,0,0,0,0,0,132,1,1,1,0
"2017","gob",5,73,4,12,15,1,0,1,21,1,0,0,0,133,0,0,1,0
"2017","gob",5,74,4,12,68,2,3,1,6,4,1,1,3,247,2,6,1,3
"2017","gob",5,75,12,36,377,5,24,15,49,9,2,0,2,1030,9,11,6,6
"2017","gob",5,76,4,12,36,0,5,1,7,0,1,1,0,145,1,1,0,1
"2017","gob",5,77,4,12,28,2,1,0,12,0,0,0,0,80,0,2,2,0
"2017","gob",5,78,8,24,137,13,5,23,18,5,2,3,8,438,2,1,16,0
"2017","gob",5,79,12,36,273,18,7,38,19,3,1,2,11,894,8,25,46,3
"2017","gob",5,80,4,12,74,0,2,12,2,0,1,0,1,163,2,2,3,0
"2017","gob",5,81,5,5,192,0,4,0,2,2,0,0,0,178,0,0,2,1
"2017","gob",5,82,10,10,340,0,10,0,10,11,2,0,0,324,0,0,3,1
"2017","gob",5,83,5,5,78,0,0,5,14,4,0,0,0,148,0,0,0,1
"2017","gob",5,84,18,18,411,0,36,3,183,8,2,1,196,568,4,22,5,34
"2017","gob",5,85,12,12,191,0,10,5,53,6,1,0,57,248,0,5,1,11
"2017","gob",5,86,12,12,252,1,25,1,67,3,2,0,124,355,0,8,5,4
"2017","gob",5,87,18,18,283,0,10,0,152,5,2,1,131,396,0,11,1,36
"2017","gob",5,88,12,12,194,0,3,3,65,4,1,0,56,282,0,7,3,15
"2017","gob",5,89,12,12,255,1,15,2,112,10,1,1,109,404,3,14,7,8
"2017","gob",5,90,18,18,326,1,21,2,148,3,1,1,113,423,3,10,5,11
"2017","gob",5,91,12,12,199,1,16,3,75,2,1,0,100,322,3,8,0,9
"2017","gob",5,92,12,12,149,0,10,0,65,0,4,2,51,215,1,7,1,5
"2017","gob",5,93,6,6,108,0,4,1,38,8,1,0,40,214,1,5,2,3
"2017","gob",5,94,12,12,276,0,24,2,126,14,0,0,79,327,0,11,6,9
"2017","gob",5,96,18,18,283,0,19,4,119,5,2,0,88,387,0,15,9,10
"2017","gob",5,97,6,6,80,0,2,1,10,1,0,1,57,118,0,3,0,1
"2017","gob",5,98,6,6,66,0,1,0,8,0,0,0,9,42,0,4,0,0
"2017","gob",5,102,6,6,7,0,1,0,2,0,0,0,7,70,1,0,0,1
"2017","gob",5,104,6,6,8,0,0,1,2,2,0,0,3,103,0,1,0,1
"2017","gob",5,105,6,6,5,0,0,0,2,0,0,0,4,65,0,1,0,1
"2017","gob",5,106,6,6,5,0,0,0,2,0,0,0,6,65,0,0,0,5
"2017","gob",5,108,6,6,19,0,2,0,2,1,0,0,8,124,0,0,0,1
"2017","gob",5,109,6,6,14,0,2,1,2,0,0,0,3,43,0,0,0,0
"2017","gob",5,110,14,8,230,0,0,0,20,3,1,0,23,215,0,2,1,0
"2017","gob",5,111,14,8,252,0,2,0,14,3,2,0,13,182,0,3,6,0
"2017","gob",5,112,7,4,151,0,0,0,22,2,0,0,11,181,0,3,6,2
"2017","gob",5,113,14,8,234,1,3,0,42,4,3,4,26,387,2,12,6,4
"2017","gob",5,114,14,8,181,1,0,1,17,0,3,0,16,210,0,6,3,0
"2017","gob",5,115,14,8,183,0,0,2,38,10,0,0,13,190,2,5,1,1
"2017","gob",5,116,28,16,570,0,2,13,51,4,5,0,56,602,1,31,8,4
"2017","gob",5,119,7,4,34,0,0,0,5,0,0,1,1,35,0,2,0,0
"2017","gob",5,121,7,4,41,0,0,1,2,0,0,0,1,50,0,0,0,0
"2017","gob",5,122,7,4,66,0,0,0,3,0,0,0,7,83,0,3,0,0
"2017","gob",5,123,7,4,120,0,1,1,31,0,0,0,41,101,1,8,4,2
"2017","gob",5,124,7,4,10,2,1,2,0,0,1,0,2,92,1,1,0,0
"2017","gob",5,125,7,4,12,0,0,0,6,1,0,0,8,55,0,4,1,0
"2017","gob",5,126,14,8,71,0,0,0,4,1,0,2,43,158,0,3,1,4
"2017","gob",5,127,8,5,42,0,4,0,21,0,0,0,37,82,1,0,1,0
"2017","gob",5,128,8,5,33,0,1,1,18,1,0,0,26,75,0,3,0,1
"2017","gob",5,129,8,5,26,0,2,0,74,1,1,2,22,92,1,2,0,1
"2017","gob",5,130,24,15,233,0,4,3,99,2,3,1,158,583,0,10,1,2
"2017","gob",5,131,27,21,360,1,3,107,78,15,12,7,35,1080,16,12,15,147
"2017","gob",5,132,27,21,352,2,1,82,82,5,25,16,23,783,4,8,14,153
"2017","gob",5,133,18,14,150,0,1,59,38,5,4,3,5,297,1,5,5,7
"2017","gob",5,134,36,28,523,1,3,133,203,15,25,7,18,849,9,10,43,31
"2017","gob",5,135,18,14,421,1,0,42,112,14,36,0,9,458,5,11,26,13
"2017","gob",5,136,18,14,297,0,4,43,69,3,34,2,4,326,0,3,15,6
"2017","gob",5,137,18,14,269,0,0,97,81,5,4,23,19,464,0,12,31,11
"2017","gob",5,138,18,14,359,1,4,62,114,10,10,0,8,398,2,10,22,11
"2017","gob",5,139,18,14,224,0,6,43,93,5,5,2,6,320,0,3,14,5
"2017","gob",5,140,18,14,256,0,0,25,55,5,8,1,3,193,1,6,19,6
"2017","gob",5,141,18,14,221,0,3,34,78,4,3,2,5,262,0,7,9,5
"2017","gob",5,142,18,14,264,1,0,26,81,8,6,1,4,203,0,2,28,2
"2017","gob",5,143,27,21,452,0,1,52,127,21,22,2,7,425,0,9,48,3
"2017","gob",5,144,18,14,422,0,4,50,79,15,8,6,2,425,1,6,36,11
"2017","gob",5,145,18,14,327,1,5,51,103,3,12,19,6,319,3,6,48,26
"2017","gob",5,146,27,21,512,0,1,40,149,19,28,9,14,528,7,11,45,20
"2017","gob",5,147,36,28,573,2,10,153,165,24,18,15,20,814,1,12,43,20
"2017","gob",5,148,27,21,394,1,2,93,73,12,13,4,12,565,3,8,37,37
"2017","gob",5,149,9,7,32,0,2,23,18,2,1,2,1,125,1,0,0,1
"2017","gob",5,150,9,7,90,0,0,18,17,0,3,15,3,187,3,4,5,1
"2017","gob",5,151,9,7,46,0,1,4,3,1,1,0,0,48,1,1,2,0
"2017","gob",5,152,9,7,161,1,0,17,12,2,2,2,4,296,1,1,10,27
"2017","gob",5,153,9,7,133,0,0,12,19,4,3,0,6,193,1,8,5,6
"2017","gob",5,154,9,7,103,2,2,43,20,1,1,3,6,275,5,4,16,1
"2017","gob",5,155,9,7,32,1,0,48,22,6,1,0,7,258,1,4,2,0
"2017","gob",5,156,9,7,124,0,0,21,11,1,4,8,6,273,1,2,8,35
"2017","gob",5,157,18,14,131,0,0,29,63,2,5,9,13,425,7,1,12,33
"2017","gob",5,158,9,7,97,0,0,49,14,4,6,2,2,317,2,2,9,25
"2017","gob",5,159,18,14,212,3,4,56,21,4,4,2,12,455,2,2,30,13
"2017","gob",5,160,9,7,93,0,0,12,29,1,2,2,3,235,5,0,6,12
"2017","gob",5,161,9,7,214,0,0,37,18,2,7,6,9,306,7,5,33,6
"2017","gob",5,162,18,14,229,0,4,74,93,14,5,31,5,694,7,14,11,8
"2017","gob",5,163,9,7,123,1,2,33,73,4,0,9,23,274,3,5,1,20
"2017","gob",5,164,9,7,109,0,0,36,7,3,3,8,3,280,11,4,5,3
"2017","gob",5,165,9,7,131,0,0,28,34,3,3,19,26,273,2,4,8,11
"2017","gob",5,166,9,7,113,0,2,40,11,4,4,1,22,290,3,4,8,11
"2017","gob",5,167,9,7,112,1,5,13,9,1,12,5,5,111,1,1,4,1
"2017","gob",5,168,18,14,273,1,1,45,56,19,7,0,15,531,1,12,14,51
"2017","gob",5,169,27,21,384,0,1,67,86,11,13,25,26,569,1,13,29,20
"2017","gob",5,170,9,7,156,0,2,24,27,0,5,1,13,197,3,4,23,20
"2017","gob",5,171,18,14,168,1,0,62,125,4,15,2,26,512,0,5,6,44
"2017","gob",5,172,9,7,219,1,1,27,57,0,57,1,11,217,6,13,13,8
"2017","gob",5,173,70,42,572,6,6,31,409,36,2,4,30,946,6,108,0,26
"2017","gob",5,174,50,30,511,1,4,9,346,13,3,1,22,682,3,62,1,15
"2017","gob",5,175,50,30,467,2,9,8,293,11,0,0,13,743,3,65,1,14
"2017","gob",5,176,30,18,269,0,4,5,118,7,2,0,13,358,4,48,2,7
"2017","gob",5,177,30,18,256,3,3,2,163,8,0,1,12,444,4,45,0,9
"2017","gob",5,178,20,12,233,1,1,7,138,3,0,0,14,329,1,36,0,6
"2017","gob",5,179,20,12,245,0,4,2,116,6,0,2,14,313,0,20,0,3
"2017","gob",5,180,20,12,160,1,2,24,135,5,1,0,3,373,3,48,0,4
"2017","gob",5,181,20,12,237,0,2,3,107,7,0,0,6,250,2,27,1,2
"2017","gob",5,182,20,12,224,1,1,1,78,6,1,0,8,224,1,27,1,5
"2017","gob",5,183,20,12,198,1,2,7,121,4,0,0,6,271,0,45,0,6
"2017","gob",5,184,20,12,190,0,1,5,133,2,0,0,6,297,1,57,0,9
"2017","gob",5,185,20,12,339,2,1,6,115,3,0,0,8,349,5,26,1,7
"2017","gob",5,186,20,12,218,1,0,1,56,4,1,2,8,201,2,15,1,6
"2017","gob",5,187,30,18,346,0,2,6,141,8,2,2,6,325,0,48,2,6
"2017","gob",5,188,20,12,224,0,2,6,104,12,4,0,4,264,0,20,0,4
"2017","gob",5,189,20,12,168,0,0,3,77,3,0,2,8,198,2,21,0,13
"2017","gob",5,190,20,12,193,1,0,5,86,6,0,0,8,213,0,11,0,3
"2017","gob",5,191,30,18,326,2,5,16,187,13,0,0,13,512,7,70,3,8
"2017","gob",5,192,30,18,313,3,1,10,103,3,0,3,5,466,1,42,2,7
"2017","gob",5,193,20,12,264,0,3,15,105,6,1,1,12,362,1,36,0,8
"2017","gob",5,194,10,6,148,0,1,2,41,1,0,0,2,158,1,4,1,2
"2017","gob",5,195,20,12,255,0,1,0,76,13,1,0,5,233,1,18,1,4
"2017","gob",5,196,20,12,123,1,0,4,77,11,0,0,4,186,3,31,0,2
"2017","gob",5,197,20,12,221,1,0,1,100,7,1,0,8,260,1,19,1,8
"2017","gob",5,198,20,12,218,0,0,8,170,7,0,0,5,370,1,59,2,9
"2017","gob",5,199,20,12,235,0,5,1,130,6,1,0,8,303,1,16,2,8
"2017","gob",5,200,20,12,187,2,1,10,137,6,0,0,8,333,1,9,3,7
"2017","gob",5,201,20,12,138,0,0,4,88,5,0,0,3,197,1,14,3,5
"2017","gob",5,202,20,12,153,1,4,5,115,5,3,0,6,335,7,21,3,6
"2017","gob",5,203,20,12,196,0,3,4,88,7,0,2,8,259,1,21,0,3
"2017","gob",5,204,20,12,170,0,0,3,101,5,0,0,5,322,0,17,0,10
"2017","gob",5,205,10,6,114,2,5,10,58,2,0,0,3,182,1,14,1,3
"2017","gob",5,206,20,12,182,1,2,5,115,1,3,2,5,290,5,20,1,5
"2017","gob",5,207,20,12,186,1,0,10,124,4,2,0,2,362,6,18,0,6
"2017","gob",5,208,20,12,230,1,5,2,127,6,0,0,9,355,4,24,1,6
"2017","gob",5,209,20,12,351,0,6,5,120,15,1,1,9,385,4,17,1,5
"2017","gob",5,210,20,12,207,2,1,1,100,19,0,0,8,368,7,21,1,8
"2017","gob",5,211,20,12,304,1,2,10,180,8,1,0,4,346,1,15,0,4
"2017","gob",5,212,20,12,182,2,0,8,217,2,0,2,9,336,3,20,1,9
"2017","gob",5,213,10,6,68,1,0,6,24,0,0,0,1,101,0,31,0,3
"2017","gob",5,214,33,36,466,101,2,11,132,6,0,1,4,654,0,10,6,2
"2017","gob",5,215,22,24,240,47,2,5,81,9,1,1,7,321,0,2,1,0
"2017","gob",5,216,22,24,445,50,1,17,81,11,1,0,16,467,1,1,1,0
"2017","gob",5,217,11,12,183,47,1,0,29,3,0,0,3,181,0,2,2,0
"2017","gob",5,218,11,12,128,24,0,11,40,0,0,0,3,168,0,4,2,2
"2017","gob",5,220,11,12,72,49,0,0,14,2,1,2,1,198,0,0,0,0
"2017","gob",5,221,11,12,32,0,0,2,31,1,0,1,0,36,0,0,1,0
"2017","gob",5,222,11,12,194,21,0,8,13,1,2,0,3,209,0,3,0,2
"2017","gob",5,223,11,12,128,7,0,1,18,1,0,0,2,159,0,0,0,0
"2017","gob",5,225,11,12,141,16,0,1,12,0,0,1,1,155,0,2,0,0
"2017","gob",5,226,11,12,102,10,0,1,3,0,0,0,0,152,0,0,0,0
"2017","gob",5,227,11,12,84,40,0,1,5,7,0,0,3,187,0,2,2,2
"2017","gob",5,228,11,12,68,58,2,0,22,1,0,0,0,176,0,0,0,0
"2017","gob",5,229,11,12,101,49,0,2,23,2,0,3,0,214,0,3,0,2
"2017","gob",5,230,11,12,78,28,0,1,10,3,0,1,3,136,0,2,3,1
"2017","gob",5,231,11,12,174,36,0,5,10,4,1,1,1,301,1,0,1,4
"2017","gob",5,233,12,2,182,0,0,0,9,5,0,0,0,126,0,1,0,0
"2017","gob",5,234,12,2,109,0,0,0,11,2,1,0,0,126,0,0,0,2
"2017","gob",5,235,12,2,61,0,0,0,2,1,1,0,0,90,0,0,0,0
"2017","gob",5,236,12,2,112,0,0,1,9,0,2,0,3,110,0,0,1,0
"2017","gob",5,237,12,2,73,0,0,1,4,0,0,0,0,89,1,0,1,0
"2017","gob",5,238,13,2,93,0,1,2,1,4,0,0,0,82,0,0,20,0
"2017","gob",5,239,26,4,309,0,1,1,8,6,0,1,2,452,1,2,94,2
"2017","gob",5,240,14,1,78,0,1,15,10,1,1,0,4,110,1,59,22,0
"2017","gob",5,241,14,1,108,1,0,13,14,1,1,0,1,159,5,100,26,0
"2017","gob",5,242,28,2,477,0,1,95,33,2,5,3,27,522,1,85,149,1
"2017","gob",5,243,28,2,228,1,2,118,16,2,1,2,8,485,1,15,61,2
"2017","gob",5,244,14,1,193,0,2,78,11,1,0,2,12,332,5,33,60,2
"2017","gob",5,245,42,3,524,1,1,84,58,2,2,4,22,606,32,21,136,7
"2017","gob",5,246,28,2,432,2,3,83,58,3,1,0,16,529,31,16,118,3
"2017","gob",5,247,14,1,53,0,0,1,1,0,0,0,3,55,0,3,6,0
"2017","gob",5,248,14,1,69,0,0,7,2,0,1,0,1,67,0,47,24,0
"2017","gob",5,249,14,1,289,1,0,28,6,0,0,0,6,228,2,33,81,2
"2017","gob",5,250,15,5,169,0,21,0,5,1,1,1,47,162,4,1,5,0
"2017","gob",5,251,15,5,142,0,18,0,5,0,0,1,41,103,2,0,5,0
"2017","gob",5,252,15,5,88,0,4,0,2,4,1,0,37,141,2,1,3,0
"2017","gob",5,254,15,5,9,0,1,0,3,1,0,0,3,73,9,1,0,0
"2017","gob",5,255,16,4,282,0,0,3,33,1,0,0,0,233,1,2,0,1
"2017","gob",5,256,32,8,317,0,0,8,36,15,14,0,1,298,1,1,1,0
"2017","gob",5,257,34,14,406,4,8,2,129,9,101,33,15,375,2,15,13,10
"2017","gob",5,258,68,28,659,6,13,9,151,13,144,170,10,1239,4,53,21,77
"2017","gob",5,259,51,21,903,14,1,5,134,19,327,13,14,609,8,15,19,14
"2017","gob",5,260,51,21,796,3,12,28,215,20,226,35,7,611,2,20,28,9
"2017","gob",5,261,34,14,572,2,7,4,123,33,145,6,8,349,1,18,16,4
"2017","gob",5,262,34,14,520,4,5,2,152,29,125,2,9,442,1,13,10,7
"2017","gob",5,263,34,14,484,2,5,7,122,26,109,1,4,345,0,9,13,8
"2017","gob",5,264,34,14,592,6,1,14,145,3,190,20,2,397,1,13,12,14
"2017","gob",5,265,102,42,1449,18,6,15,422,86,406,29,21,1164,1,48,51,38
"2017","gob",5,266,34,14,394,3,2,4,158,26,79,1,2,335,0,9,16,5
"2017","gob",5,267,34,14,350,0,0,4,100,30,89,1,1,314,1,8,10,12
"2017","gob",5,268,68,28,1016,16,4,17,203,35,290,17,14,825,11,28,37,65
"2017","gob",5,269,68,28,1007,18,9,28,258,39,280,27,12,885,6,27,23,33
"2017","gob",5,270,34,14,271,2,2,8,122,13,51,2,1,267,1,6,28,10
"2017","gob",5,271,51,21,809,11,2,9,170,39,277,6,2,522,1,11,4,13
"2017","gob",5,272,51,21,673,8,3,14,129,20,200,12,8,512,0,11,25,13
"2017","gob",5,273,34,14,462,10,2,33,128,10,128,5,4,378,3,10,18,5
"2017","gob",5,274,51,21,752,10,3,16,115,15,259,18,5,572,5,15,23,6
"2017","gob",5,275,34,14,608,13,2,14,88,5,216,5,7,471,6,21,19,14
"2017","gob",5,276,51,21,541,15,0,9,104,19,174,19,6,603,4,19,21,28
"2017","gob",5,277,34,14,606,7,2,14,71,7,248,5,0,288,1,11,9,9
"2017","gob",5,278,17,7,285,1,0,1,14,2,121,51,0,362,1,2,2,3
"2017","gob",5,279,17,7,336,3,0,0,51,5,127,2,2,289,1,1,2,6
"2017","gob",5,280,51,21,950,3,2,5,58,3,373,8,5,773,2,9,12,6
"2017","gob",5,281,17,7,54,0,0,0,12,0,14,0,12,207,7,2,1,3
"2017","gob",5,282,34,14,375,0,1,0,112,2,134,14,34,346,5,3,3,23
"2017","gob",5,283,34,14,535,3,2,1,147,2,229,9,8,289,2,7,11,8
"2017","gob",5,284,34,14,916,2,0,2,57,5,398,32,4,428,0,6,7,0
"2017","gob",5,285,34,14,614,0,2,1,48,1,243,6,2,366,1,6,9,3
"2017","gob",5,286,34,14,895,0,0,6,62,1,377,5,8,482,0,6,9,1
"2017","gob",5,287,34,14,920,1,0,5,59,7,379,4,4,519,0,4,12,3
"2017","gob",5,288,51,21,1076,2,3,7,60,4,433,13,5,649,0,9,11,3
"2017","gob",5,289,34,14,129,0,0,1,56,2,26,135,4,629,0,3,3,31
"2017","gob",5,290,51,21,392,0,3,1,264,19,106,13,7,554,8,11,7,2
"2017","gob",5,291,34,14,1158,4,0,0,46,7,529,0,6,543,0,4,0,0
"2017","gob",5,292,17,7,456,4,3,0,45,1,85,47,2,257,0,3,107,1
"2017","gob",5,293,34,14,656,4,1,1,36,1,247,23,5,463,2,3,11,11
"2017","gob",5,294,34,14,619,2,4,1,61,5,235,23,5,377,1,12,8,2
"2017","gob",5,295,17,7,499,0,0,1,11,2,231,21,1,176,0,2,7,1
"2017","gob",5,296,34,14,585,2,2,1,32,4,242,10,4,399,1,5,4,17
"2017","gob",5,297,51,21,567,6,1,1,93,14,161,9,89,470,1,22,9,10
"2017","gob",5,298,34,14,431,2,1,0,38,10,127,7,69,321,1,19,7,3
"2017","gob",5,299,17,7,358,0,0,1,9,0,161,6,1,174,0,3,5,0
"2017","gob",5,300,17,7,223,0,0,3,32,2,73,10,3,194,0,5,4,2
"2017","gob",5,301,17,7,150,0,8,2,65,5,24,15,8,254,0,6,2,1
"2017","gob",5,302,17,7,261,2,2,1,46,10,65,21,6,270,0,4,5,5
"2017","gob",5,303,34,14,285,3,2,2,40,4,70,19,7,334,1,4,3,6
"2017","gob",5,304,34,14,451,3,2,32,69,3,93,4,7,370,1,18,1,14
"2017","gob",5,305,68,28,547,23,6,5,278,17,131,21,22,715,1,31,7,8
"2017","gob",5,306,51,21,714,4,0,6,43,49,274,4,2,498,1,17,6,4
"2017","gob",5,307,51,21,928,4,4,3,57,21,359,9,7,597,2,15,11,4
"2017","gob",5,308,34,14,365,2,2,0,30,2,132,98,3,489,0,9,8,0
"2017","gob",5,309,17,7,128,2,3,1,11,3,43,4,2,196,0,3,3,3
"2017","gob",5,310,34,14,402,5,1,2,96,2,107,9,17,533,3,19,2,9
"2017","gob",5,311,17,7,360,13,0,1,6,1,151,20,1,295,0,2,2,7
"2017","gob",5,312,51,21,1091,7,5,7,36,3,474,31,8,549,1,21,7,9
"2017","gob",5,313,17,7,452,3,1,0,8,1,201,64,0,289,0,2,7,2
"2017","gob",5,314,34,14,378,2,1,2,17,2,156,71,3,363,1,8,3,3
"2017","gob",5,315,17,7,185,1,0,0,0,0,85,10,0,137,0,1,0,1
"2017","gob",5,316,17,7,92,3,0,1,6,1,41,3,1,107,0,1,0,0
"2017","gob",5,317,17,7,50,1,0,1,6,0,9,1,0,134,0,1,3,2
"2017","gob",5,318,34,14,256,1,1,10,37,4,65,6,11,342,1,13,4,5
"2017","gob",5,319,36,12,209,1,10,2,98,2,1,1,15,277,2,20,1,4
"2017","gob",5,320,36,10,199,0,2,0,135,9,0,1,5,345,1,17,1,2
"2017","gob",5,321,36,10,226,1,4,2,94,4,4,1,6,263,1,21,0,5
"2017","gob",5,322,36,10,348,0,2,1,123,3,2,0,5,179,5,11,2,1
"2017","gob",5,323,36,10,301,0,0,0,110,8,0,3,15,223,1,9,0,8
"2017","gob",5,324,36,12,233,0,0,2,97,1,0,0,3,108,1,4,1,5
"2017","gob",5,325,72,20,490,0,2,2,330,8,0,1,13,497,6,17,3,24
"2017","gob",5,326,90,25,938,0,4,5,445,24,1,4,20,615,9,23,9,9
"2017","gob",5,327,36,10,283,0,3,1,140,2,0,0,3,206,0,10,1,7
"2017","gob",5,328,36,10,213,0,1,1,146,5,2,0,3,238,0,13,0,4
"2017","gob",5,329,36,10,205,0,7,3,97,3,0,0,6,230,1,14,1,3
"2017","gob",5,330,36,10,182,1,3,5,117,4,1,0,2,278,4,13,0,4
"2017","gob",5,331,54,15,275,0,1,0,158,4,0,0,10,363,3,9,3,8
"2017","gob",5,332,54,15,575,0,4,0,124,7,0,0,6,183,0,4,0,6
"2017","gob",5,333,90,25,725,0,2,13,335,23,1,1,20,571,7,20,6,8
"2017","gob",5,334,54,15,499,0,4,0,121,5,1,0,5,198,1,9,3,1
"2017","gob",5,335,54,15,427,1,4,2,145,10,0,1,4,238,2,12,1,5
"2017","gob",5,336,36,10,288,1,3,1,120,0,0,1,3,162,3,8,2,0
"2017","gob",5,337,108,30,793,1,15,7,463,11,3,4,29,932,14,33,2,16
"2017","gob",5,338,36,10,244,0,9,0,136,1,2,1,8,306,5,7,0,10
"2017","gob",5,339,36,10,250,0,1,1,143,12,0,0,7,272,1,9,5,6
"2017","gob",5,340,36,10,254,0,3,0,95,4,0,0,3,184,0,5,3,3
"2017","gob",5,341,36,10,304,0,0,0,144,17,0,1,7,275,1,10,1,4
"2017","gob",5,342,54,15,642,0,4,2,213,14,3,1,9,429,0,13,12,5
"2017","gob",5,343,36,10,305,0,3,1,153,2,2,1,3,185,2,8,0,5
"2017","gob",5,344,36,12,268,0,1,0,100,6,1,1,6,134,0,5,0,1
"2017","gob",5,345,36,10,290,1,0,1,110,6,1,0,5,235,7,2,2,2
"2017","gob",5,346,36,10,198,0,3,3,142,3,2,1,5,273,2,11,2,8
"2017","gob",5,347,54,15,309,0,1,1,161,1,1,0,5,419,1,7,0,2
"2017","gob",5,348,54,15,295,0,3,2,199,10,1,1,8,392,2,15,14,7
"2017","gob",5,349,54,15,215,0,2,1,168,4,0,2,2,346,0,11,0,8
"2017","gob",5,350,36,10,209,2,1,5,134,1,0,2,8,346,4,8,3,4
"2017","gob",5,351,36,10,176,1,3,3,127,3,0,0,6,385,9,8,1,4
"2017","gob",5,352,36,10,224,0,1,3,95,5,1,1,7,237,2,6,0,2
"2017","gob",5,353,36,10,192,0,2,4,90,12,1,0,6,204,0,7,2,2
"2017","gob",5,354,18,5,140,0,0,3,55,3,0,0,4,103,0,0,1,1
"2017","gob",5,355,36,10,397,0,2,6,64,2,1,0,3,116,1,3,2,2
"2017","gob",5,356,36,12,309,1,5,3,160,6,0,0,10,297,1,10,1,5
"2017","gob",5,357,72,20,786,1,3,5,128,11,1,0,8,264,2,2,3,7
"2017","gob",5,358,36,10,177,0,0,2,76,1,0,0,3,128,0,4,0,2
"2017","gob",5,359,36,10,163,1,1,2,70,3,4,2,2,307,3,5,1,3
"2017","gob",5,360,36,10,148,0,0,4,148,3,2,3,7,332,2,8,3,3
"2017","gob",5,361,54,15,189,0,3,0,150,5,1,3,6,444,3,6,4,8
"2017","gob",5,362,72,20,425,8,11,3,203,3,0,2,15,679,2,21,0,11
"2017","gob",5,363,18,5,127,0,1,2,43,7,2,0,0,206,1,6,1,0
"2017","gob",5,364,36,10,232,0,2,0,131,5,1,0,7,349,1,6,0,5
"2017","gob",5,365,18,5,110,0,1,1,67,1,0,0,2,220,1,7,1,2
"2017","gob",5,366,18,5,100,0,0,0,52,3,0,0,5,80,1,6,1,2
"2017","gob",5,367,36,10,173,0,0,2,71,3,0,0,6,189,1,3,0,2
"2017","gob",5,368,36,10,328,1,2,3,54,1,0,2,3,126,0,1,4,2
"2017","gob",5,369,36,10,500,0,1,3,103,3,0,0,2,145,0,4,4,1
"2017","gob",5,370,54,18,214,1,4,2,189,6,0,0,5,395,0,19,2,7
"2017","gob",5,371,54,18,347,0,2,3,238,13,2,1,4,418,7,14,2,12
"2017","gob",5,372,54,18,384,1,3,4,184,11,0,0,9,224,3,4,2,5
"2017","gob",5,373,36,12,436,0,0,3,92,7,0,2,1,164,1,7,9,3
"2017","gob",5,374,18,5,183,0,1,0,67,2,0,0,3,117,2,5,2,0
"2017","gob",5,375,18,5,120,0,0,0,57,3,0,0,2,110,1,5,0,2
"2017","gob",5,376,36,10,140,0,1,2,132,1,0,0,12,314,3,12,1,1
"2017","gob",5,377,126,35,739,1,8,5,388,7,0,5,23,752,5,28,4,17
"2017","gob",5,378,36,10,224,0,0,1,141,4,1,2,6,277,2,11,2,8
"2017","gob",5,379,36,10,205,0,2,1,176,6,0,0,5,296,0,10,2,5
"2017","gob",5,380,18,5,109,0,0,0,51,5,0,0,4,88,0,5,1,1
"2017","gob",5,381,36,10,233,0,0,0,71,6,1,0,3,158,3,4,2,6
"2017","gob",5,382,36,12,282,0,0,7,148,3,0,0,5,244,1,8,6,2
"2017","gob",5,383,54,18,447,1,6,4,208,15,0,0,5,261,14,8,4,7
"2017","gob",5,384,36,12,347,0,13,12,152,4,1,2,9,403,2,7,5,9
"2017","gob",5,385,54,18,379,0,5,3,237,8,0,1,9,306,6,16,1,5
"2017","gob",5,386,36,12,190,0,1,2,177,9,1,0,7,262,0,6,0,7
"2017","gob",5,387,36,12,247,0,0,2,140,6,1,0,5,296,0,5,0,6
"2017","gob",5,388,18,6,180,0,1,1,50,4,0,1,4,145,0,2,1,6
"2017","gob",5,389,36,12,158,0,1,1,99,5,1,1,2,180,1,4,1,1
"2017","gob",5,390,36,10,267,0,2,0,133,4,1,0,9,210,2,10,0,7
"2017","gob",5,391,36,10,171,0,0,2,80,3,0,1,5,159,2,2,0,2
"2017","gob",5,392,36,10,218,0,1,1,100,4,0,1,6,191,1,2,3,4
"2017","gob",5,393,18,5,136,1,0,6,40,7,0,0,1,201,2,1,1,1
"2017","gob",5,394,18,5,96,0,0,0,48,2,0,0,0,85,2,1,6,4
"2017","gob",5,395,18,5,153,1,0,1,86,6,1,1,7,186,1,6,1,5
"2017","gob",5,396,36,10,203,0,2,0,158,5,2,1,5,225,1,10,1,2
"2017","gob",5,397,54,15,350,0,2,5,195,12,0,2,6,255,1,14,2,3
"2017","gob",5,398,54,15,368,0,4,1,266,9,0,2,7,251,1,19,1,8
"2017","gob",5,399,36,10,284,0,0,0,151,11,2,0,5,235,1,8,0,1
"2017","gob",5,400,18,5,166,1,1,1,62,0,0,1,6,115,2,2,2,0
"2017","gob",5,401,18,5,146,0,0,0,84,3,0,0,2,90,0,2,0,0
"2017","gob",5,402,36,10,284,0,1,3,137,4,0,2,6,217,0,6,2,6
"2017","gob",5,403,36,10,170,1,6,0,90,5,0,0,5,241,2,5,0,11
"2017","gob",5,404,36,12,232,0,0,2,140,2,0,0,3,304,4,8,3,10
"2017","gob",5,405,36,12,224,0,3,1,145,1,1,5,9,288,0,15,1,9
"2017","gob",5,406,36,12,189,2,1,2,131,4,0,0,2,264,0,9,2,7
"2017","gob",5,407,36,12,319,0,1,5,193,5,0,1,1,265,2,10,0,6
"2017","gob",5,408,36,10,255,0,8,0,148,1,1,0,6,202,5,4,0,2
"2017","gob",5,409,18,5,163,0,0,0,55,0,0,0,2,61,1,1,2,1
"2017","gob",5,410,36,10,207,1,3,0,86,2,0,0,4,130,1,4,2,2
"2017","gob",5,411,36,10,199,2,1,2,83,6,2,0,11,175,5,2,3,2
"2017","gob",5,412,36,10,341,0,0,1,188,4,0,1,12,273,2,10,3,6
"2017","gob",5,413,36,10,302,0,3,1,150,15,1,2,6,309,3,2,2,5
"2017","gob",5,414,54,15,329,0,3,2,139,12,0,1,7,366,3,27,4,11
"2017","gob",5,415,36,10,307,0,6,0,177,8,5,2,7,322,2,14,1,5
"2017","gob",5,416,36,10,327,0,0,0,143,7,0,0,5,299,1,10,0,5
"2017","gob",5,417,36,12,188,0,1,2,75,1,0,2,4,168,1,3,3,4
"2017","gob",5,418,18,6,106,0,3,1,66,3,1,0,2,120,3,5,0,4
"2017","gob",5,419,36,12,325,2,4,3,171,12,2,1,10,243,1,7,3,5
"2017","gob",5,420,36,12,232,0,1,2,120,2,0,2,10,225,2,3,2,2
"2017","gob",5,421,36,10,170,0,1,2,37,3,0,4,5,265,3,7,0,5
"2017","gob",5,422,36,10,305,2,0,1,131,7,0,2,8,449,2,8,2,9
"2017","gob",5,423,18,6,66,0,1,1,54,0,0,0,2,75,1,10,1,5
"2017","gob",5,424,36,12,256,0,2,3,174,9,0,0,10,299,3,11,0,6
"2017","gob",5,425,36,12,212,1,1,0,108,1,0,0,7,174,4,5,0,3
"2017","gob",5,426,36,12,194,0,1,3,132,4,0,2,2,280,2,9,6,2
"2017","gob",5,427,36,12,150,0,0,1,115,1,0,0,4,232,4,6,0,2
"2017","gob",5,428,36,12,268,0,1,1,131,5,0,0,5,193,1,5,1,4
"2017","gob",5,429,36,12,260,1,1,1,118,3,2,1,16,154,0,2,2,1
"2017","gob",5,430,54,18,251,0,5,5,210,5,2,3,6,322,2,10,2,8
"2017","gob",5,431,162,54,1041,2,9,20,589,18,3,2,27,1169,13,42,10,25
"2017","gob",5,432,36,12,163,0,0,5,138,2,0,0,7,230,1,8,0,3
"2017","gob",5,433,54,18,350,0,3,3,189,4,2,1,13,355,2,9,0,8
"2017","gob",5,434,36,12,273,0,3,0,129,9,0,1,4,214,2,9,0,4
"2017","gob",5,435,18,5,161,0,2,1,88,2,0,0,3,115,2,3,0,2
"2017","gob",5,436,108,36,671,0,7,15,636,14,2,2,28,593,4,15,4,15
"2017","gob",5,437,54,18,297,0,2,5,240,4,0,1,8,398,3,8,2,10
"2017","gob",5,438,54,18,367,0,3,2,276,14,1,1,12,423,10,15,2,15
"2017","gob",5,439,36,12,290,1,1,0,171,12,0,0,7,182,1,6,0,3
"2017","gob",5,440,18,5,134,0,0,2,75,3,0,0,3,222,1,3,0,1
"2017","gob",5,441,36,12,211,0,1,0,120,2,1,0,7,184,0,10,0,5
"2017","gob",5,442,18,5,106,0,0,0,27,2,1,1,0,90,2,1,0,0
"2017","gob",5,444,38,2,402,0,2,5,91,2,0,0,30,269,0,12,22,2
"2017","gob",5,445,38,2,268,0,2,3,74,4,0,0,11,241,0,6,7,2
"2017","gob",5,446,38,2,364,0,5,6,77,2,0,1,34,255,1,13,9,0
"2017","gob",5,447,38,2,292,0,6,2,31,0,0,2,28,216,0,15,13,2
"2017","gob",5,448,38,2,337,0,19,7,45,4,1,2,72,295,0,12,22,2
"2017","gob",5,449,38,2,271,0,0,1,36,0,0,1,49,229,0,13,11,1
"2017","gob",5,450,60,9,630,1,2,2,76,15,3,4,7,459,5,25,155,7
"2017","gob",5,451,60,9,596,9,8,6,91,6,9,3,2,354,3,13,146,6
"2017","gob",5,452,40,6,432,4,0,2,53,10,11,0,4,372,1,7,120,3
"2017","gob",5,453,40,6,334,0,1,1,50,9,5,1,4,340,0,7,55,6
"2017","gob",5,454,40,6,439,7,1,2,72,5,3,0,3,344,1,14,106,0
"2017","gob",5,455,40,6,310,5,0,4,55,10,8,2,5,297,1,14,59,2
"2017","gob",5,456,40,6,306,3,0,0,35,7,8,1,4,323,1,14,63,7
"2017","gob",5,457,40,6,333,6,1,0,60,7,9,1,4,277,0,11,54,1
"2017","gob",5,458,80,12,592,1,4,2,159,19,5,7,7,629,1,15,122,2
"2017","gob",5,459,40,6,304,3,3,1,49,5,11,1,0,259,0,2,40,2
"2017","gob",5,460,60,9,452,0,4,4,103,11,7,3,3,409,2,17,73,2
"2017","gob",5,461,40,6,362,1,2,1,82,3,3,1,2,365,4,4,61,2
"2017","gob",5,462,40,6,280,2,2,0,52,7,5,0,4,222,1,2,44,4
"2017","gob",5,463,40,6,349,3,0,0,84,24,3,1,2,305,0,5,66,1
"2017","gob",5,464,40,6,217,2,1,1,44,7,4,0,0,261,1,2,21,2
"2017","gob",5,465,20,3,135,1,1,1,29,2,1,0,1,107,0,0,15,1
"2017","gob",5,466,20,3,148,1,0,0,29,3,2,1,2,122,0,0,21,0
"2017","gob",5,467,40,6,297,1,2,1,64,4,8,2,0,312,1,6,57,1
"2017","gob",5,468,40,6,303,3,7,1,66,6,5,0,8,357,0,9,61,4
"2017","gob",5,469,60,9,420,0,7,5,98,13,5,2,4,475,0,13,86,5
"2017","gob",5,470,60,9,477,1,5,12,93,8,3,2,8,482,5,11,96,4
"2017","gob",5,473,20,3,88,0,0,1,16,3,2,1,1,105,1,1,18,4
"2017","gob",5,474,20,3,140,0,0,0,42,0,0,0,0,169,0,5,23,2
"2017","gob",5,475,40,6,427,0,2,1,157,8,4,0,6,340,0,19,80,2
"2017","gob",5,476,40,6,268,0,4,1,127,7,2,0,0,262,0,8,45,2
"2017","gob",5,477,40,6,265,1,1,1,87,4,2,3,5,264,1,5,58,1
"2017","gob",5,478,40,6,233,0,0,0,124,4,0,3,6,334,2,8,27,4
"2017","gob",5,479,40,6,311,1,3,0,121,9,3,0,9,309,0,8,51,1
"2017","gob",5,480,40,6,311,0,4,0,105,6,3,1,4,248,1,8,70,1
"2017","gob",5,481,40,6,323,1,3,2,107,0,1,1,3,364,6,8,80,4
"2017","gob",5,482,40,6,331,2,4,0,75,1,3,1,3,219,1,7,77,2
"2017","gob",5,483,40,6,270,0,1,0,108,10,3,4,0,278,0,12,43,2
"2017","gob",5,484,40,6,241,0,1,1,73,3,5,0,2,179,1,5,50,2
"2017","gob",5,485,20,3,207,2,0,6,68,4,3,1,3,184,3,6,45,3
"2017","gob",5,486,40,6,275,0,8,1,97,4,1,0,4,263,1,6,57,3
"2017","gob",5,487,20,3,171,1,1,11,48,1,0,2,2,141,0,1,43,2
"2017","gob",5,488,20,3,134,0,3,0,29,3,0,0,2,146,0,3,29,2
"2017","gob",5,489,40,6,256,0,0,8,61,1,1,3,2,318,3,10,68,4
"2017","gob",5,490,40,6,342,0,1,6,79,4,0,1,1,257,0,8,111,1
"2017","gob",5,491,20,3,73,0,0,1,24,1,1,0,0,93,3,1,7,0
"2017","gob",5,492,40,6,427,0,1,3,47,8,1,0,2,491,0,6,71,2
"2017","gob",5,493,40,6,268,0,0,3,108,3,0,1,5,354,0,12,28,1
"2017","gob",5,494,20,3,83,0,0,1,15,1,0,0,0,174,0,0,7,0
"2017","gob",5,495,40,6,193,0,0,5,74,2,0,1,5,314,0,2,23,3
"2017","gob",5,496,20,3,160,0,0,3,40,1,2,1,1,154,0,4,22,1
"2017","gob",5,497,20,3,131,0,1,0,55,6,1,0,2,210,0,0,16,2
"2017","gob",5,498,20,3,103,1,0,1,44,3,1,2,2,162,0,3,15,1
"2017","gob",5,499,40,6,189,1,0,0,66,2,0,0,4,282,2,5,26,2
"2017","gob",5,500,42,8,245,0,3,10,56,4,1,0,9,300,1,14,3,2
"2017","gob",5,501,42,8,325,0,26,7,22,9,1,1,6,436,14,44,0,3
"2017","gob",5,502,42,8,203,0,0,12,35,21,0,0,1,288,0,28,2,1
"2017","gob",5,503,42,8,266,0,0,1,38,15,0,0,0,268,0,29,9,0
"2017","gob",5,504,21,4,35,1,0,17,29,2,0,3,2,147,2,20,1,0
"2017","gob",5,505,21,4,155,1,0,9,19,5,1,1,1,336,0,20,0,2
"2017","gob",5,506,21,4,32,0,0,2,12,5,0,1,0,42,0,1,0,0
"2017","gob",5,507,21,4,25,0,0,5,2,5,0,0,0,71,0,6,1,0
"2017","gob",5,508,66,6,566,2,0,3,121,2,4,2,11,354,2,10,121,3
"2017","gob",5,509,44,4,246,1,2,3,71,2,0,0,6,189,0,5,38,2
"2017","gob",5,510,44,4,399,0,1,0,111,3,1,1,8,292,3,6,67,5
"2017","gob",5,511,66,6,437,0,0,0,102,8,0,0,9,351,0,17,42,2
"2017","gob",5,512,66,6,471,0,2,3,154,9,1,3,5,509,1,10,56,15
"2017","gob",5,513,44,4,302,1,2,1,50,4,0,3,3,267,1,6,35,4
"2017","gob",5,514,44,4,196,0,0,0,26,4,0,0,2,208,0,7,26,3
"2017","gob",5,515,66,6,399,0,2,1,105,4,0,2,9,397,3,8,49,5
"2017","gob",5,516,66,6,462,1,1,1,105,5,1,1,9,506,0,12,46,5
"2017","gob",5,517,44,4,187,0,0,0,47,0,0,0,7,246,2,3,27,3
"2017","gob",5,518,66,6,468,1,9,2,121,20,0,1,10,540,3,20,61,9
"2017","gob",5,519,66,6,317,0,3,3,98,6,3,2,34,300,3,11,21,11
"2017","gob",5,520,22,2,98,0,4,0,24,1,0,0,14,102,0,2,7,3
"2017","gob",5,521,22,2,50,0,1,1,14,3,0,0,0,83,1,0,3,4
"2017","gob",5,523,22,2,105,0,0,0,15,1,1,0,1,58,0,1,13,0
"2017","gob",5,526,69,12,225,0,0,2,368,17,2,0,23,369,7,0,13,1
"2017","gob",5,527,46,8,174,0,3,1,233,14,2,2,13,296,4,2,10,2
"2017","gob",5,528,23,4,21,0,0,0,33,2,1,1,2,86,0,2,2,1
"2017","gob",5,529,46,8,16,0,0,0,65,4,1,1,0,81,0,0,2,2
"2017","gob",5,530,23,4,49,0,0,1,55,5,1,1,1,63,0,2,7,0
"2017","gob",5,531,23,4,18,0,0,1,17,6,0,0,0,49,0,0,3,1
"2017","gob",5,532,46,8,191,1,1,18,134,4,1,1,6,395,6,6,7,8
"2017","gob",5,534,23,4,26,0,0,0,16,2,0,0,1,67,0,1,0,0
"2017","gob",5,535,23,4,8,0,0,0,50,4,0,0,3,47,1,0,2,1
"2017","gob",5,536,23,4,16,0,1,0,91,0,1,2,2,37,2,1,2,1
"2017","gob",5,537,23,4,24,0,0,0,56,1,1,0,4,41,0,2,3,1
"2017","gob",5,539,23,4,91,0,1,0,61,5,0,0,0,115,1,3,1,3
"2017","gob",5,540,46,8,258,2,0,0,105,2,0,1,4,265,1,3,2,1
"2017","gob",5,542,96,48,530,111,3,27,134,128,5,6,21,1336,27,25,41,128
"2017","gob",5,543,96,48,662,81,4,15,148,131,9,4,20,1095,8,23,27,89
"2017","gob",5,544,48,24,202,18,5,6,43,64,5,3,11,600,10,13,9,66
"2017","gob",5,545,72,36,316,67,8,13,77,75,12,1,11,826,12,11,29,97
"2017","gob",5,546,48,24,194,28,6,1,33,33,6,2,4,425,9,12,12,40
"2017","gob",5,547,48,24,184,21,2,4,51,37,3,1,8,401,2,12,16,33
"2017","gob",5,548,72,36,228,75,5,21,38,71,4,3,16,793,19,16,19,97
"2017","gob",5,549,72,36,340,61,7,19,51,76,12,6,9,877,4,21,30,95
"2017","gob",5,550,48,24,226,35,5,3,80,82,4,1,5,564,6,9,12,56
"2017","gob",5,551,48,24,219,16,3,1,37,29,4,6,4,303,0,3,12,25
"2017","gob",5,552,48,24,207,25,2,3,29,24,6,3,6,472,30,9,15,74
"2017","gob",5,553,48,24,208,48,6,7,36,49,4,4,6,463,3,9,16,54
"2017","gob",5,554,48,24,184,25,5,4,57,46,1,1,12,437,8,2,8,67
"2017","gob",5,555,24,12,136,9,2,5,45,16,2,1,5,277,2,9,7,48
"2017","gob",5,556,24,12,141,22,0,7,28,47,1,2,8,309,4,3,7,21
"2017","gob",5,557,96,48,403,85,3,27,111,150,8,6,19,1274,17,47,22,128
"2017","gob",5,558,48,24,298,59,3,7,55,63,3,8,12,739,11,12,20,117
"2017","gob",5,559,48,24,247,44,3,11,48,78,7,6,11,729,9,22,19,96
"2017","gob",5,560,24,12,28,64,0,0,8,4,1,1,6,330,2,1,5,39
"2017","gob",5,561,24,12,10,6,0,0,5,9,1,0,1,68,0,0,1,7
"2017","gob",5,562,24,12,18,74,0,3,6,23,3,7,5,329,1,1,3,21
"2017","gob",5,563,24,12,59,19,0,0,8,12,2,0,11,117,0,2,13,8
"2017","gob",5,564,24,12,30,12,1,1,8,0,2,0,4,88,6,0,2,4
"2017","gob",5,565,24,12,35,72,0,1,10,27,1,1,18,367,0,2,4,18
"2017","gob",5,566,72,36,56,161,8,3,46,22,5,2,7,568,28,7,4,14
"2017","gob",5,567,48,24,168,128,2,3,16,59,7,3,2,670,2,6,15,28
"2017","gob",5,568,24,12,79,24,0,0,3,14,2,2,1,180,3,2,11,12
"2017","gob",5,569,48,24,85,33,3,11,18,127,3,5,6,759,7,10,8,86
"2017","gob",5,570,24,12,5,41,0,0,5,17,0,0,0,211,2,0,1,17
"2017","gob",5,571,48,24,101,11,1,13,14,74,1,3,4,661,6,6,9,80
"2017","gob",5,573,48,24,37,17,0,1,4,32,0,0,0,322,11,1,5,33
"2017","gob",5,574,24,12,14,7,0,3,1,17,0,2,0,169,0,4,1,12
"2017","gob",5,575,24,12,18,4,0,2,8,70,0,0,1,254,4,5,3,12
"2017","gob",5,576,24,12,9,1,1,0,1,0,0,0,0,40,4,0,1,1
"2017","gob",5,577,125,10,572,2,7,11,130,6,5,5,24,566,11,22,8,17
"2017","gob",5,578,50,4,263,0,7,1,27,4,3,0,3,159,2,6,3,11
"2017","gob",5,579,25,2,92,1,1,1,15,3,0,1,2,153,4,5,0,5
"2017","gob",5,580,250,20,1164,9,12,37,385,31,7,9,50,1387,10,65,28,59
"2017","gob",5,581,75,6,418,3,9,4,81,6,6,1,9,508,1,12,10,18
"2017","gob",5,582,25,2,63,1,0,1,13,2,0,0,3,65,0,2,1,3
"2017","gob",5,583,25,2,109,0,1,0,21,3,0,0,0,99,0,5,0,2
"2017","gob",5,584,25,2,81,0,0,0,19,0,4,1,3,95,0,1,4,3
"2017","gob",5,585,75,6,314,1,3,10,67,6,4,3,13,352,1,15,5,18
"2017","gob",5,586,200,16,971,2,9,20,191,22,9,7,25,964,10,41,27,46
"2017","gob",5,587,225,18,1147,2,12,17,289,42,5,3,32,1086,8,68,20,40
"2017","gob",5,588,75,6,401,3,7,3,81,9,0,4,17,303,5,22,10,6
"2017","gob",5,589,25,2,65,0,0,0,9,0,2,0,1,82,2,1,3,3
"2017","gob",5,590,25,2,79,0,0,0,16,1,1,0,3,75,0,3,2,2
"2017","gob",5,591,25,2,117,0,1,1,21,5,0,0,4,108,0,2,1,2
"2017","gob",5,592,25,2,75,2,2,1,12,3,0,1,0,82,0,3,0,2
"2017","gob",5,593,50,4,233,0,1,2,37,1,0,1,3,119,1,3,8,4
"2017","gob",5,594,50,4,377,0,6,9,28,1,1,0,3,131,0,1,9,1
"2017","gob",5,595,75,6,417,1,0,2,63,5,0,0,6,182,0,9,7,4
"2017","gob",5,596,25,2,88,0,0,1,22,3,1,0,2,101,0,1,1,2
"2017","gob",5,597,25,2,155,0,1,2,19,1,0,0,7,101,0,1,7,2
"2017","gob",5,598,50,4,471,0,4,4,113,14,3,0,5,283,2,4,16,3
"2017","gob",5,599,25,2,96,0,2,0,8,2,2,0,0,51,1,0,1,0
"2017","gob",5,600,25,2,129,0,2,0,19,4,0,0,2,81,1,2,3,2
"2017","gob",5,601,75,6,432,0,3,3,58,8,1,0,5,317,1,7,11,6
"2017","gob",5,602,50,4,156,0,2,0,17,2,0,0,13,129,1,2,2,5
"2017","gob",5,603,25,2,127,0,0,0,8,3,0,0,6,72,0,1,4,1
"2017","gob",5,604,25,2,56,0,1,0,4,1,0,0,2,60,1,1,2,4
"2017","gob",5,605,25,2,73,0,1,2,12,2,0,0,2,98,1,3,1,2
"2017","gob",5,606,50,4,337,0,9,6,38,2,2,1,3,128,0,3,4,3
"2017","gob",5,607,25,2,99,2,2,3,22,4,0,0,9,115,3,1,3,1
"2017","gob",5,608,25,2,125,0,0,0,26,2,1,0,0,101,0,3,4,2
"2017","gob",5,609,50,4,161,1,3,0,29,10,1,0,4,126,0,5,2,4
"2017","gob",5,610,50,4,228,1,4,4,42,10,0,2,8,227,2,5,6,13
"2017","gob",5,612,75,6,479,0,0,2,74,7,5,0,7,181,2,1,15,3
"2017","gob",5,613,75,6,289,0,3,3,69,9,7,4,7,245,0,9,2,7
"2017","gob",5,614,50,4,183,0,0,1,36,6,3,1,6,231,2,7,5,4
"2017","gob",5,615,25,2,126,0,1,2,18,5,1,1,6,152,1,2,3,3
"2017","gob",5,616,25,2,86,1,1,2,26,5,1,0,6,125,1,4,1,4
"2017","gob",5,617,50,4,147,0,1,6,21,7,0,1,2,186,1,6,3,7
"2017","gob",5,618,75,6,273,1,1,3,55,7,2,0,8,351,2,8,4,15
"2017","gob",5,619,25,2,189,0,6,3,21,2,2,0,3,145,2,4,4,2
"2017","gob",5,620,50,4,193,1,4,4,29,9,1,0,7,283,4,11,2,8
"2017","gob",5,621,50,4,313,0,6,3,46,4,2,3,13,351,6,9,4,7
"2017","gob",5,622,125,10,551,4,8,9,132,10,3,2,27,759,10,29,13,30
"2017","gob",5,623,225,18,1328,2,15,18,334,37,14,3,33,1096,8,35,34,26
"2017","gob",5,624,50,4,235,1,2,2,47,8,2,1,6,168,1,7,2,2
"2017","gob",5,625,50,4,160,0,4,0,48,6,0,0,2,153,1,5,2,7
"2017","gob",5,626,50,4,191,0,1,1,35,0,2,1,6,132,1,9,3,6
"2017","gob",5,627,50,4,330,2,1,2,61,15,4,1,8,220,1,4,17,7
"2017","gob",5,628,50,4,343,0,2,2,68,16,2,1,9,258,1,7,5,9
"2017","gob",5,629,25,2,104,0,1,2,11,1,2,0,3,117,0,2,2,2
"2017","gob",5,630,75,6,292,0,0,2,73,11,2,2,8,479,7,20,4,12
"2017","gob",5,631,50,4,232,1,3,12,57,3,3,2,9,315,5,9,0,6
"2017","gob",5,632,50,4,188,1,0,1,53,8,1,0,7,156,2,8,3,4
"2017","gob",5,633,300,24,1411,6,16,25,409,49,7,5,55,1358,30,52,22,47
"2017","gob",5,634,25,2,106,0,5,2,27,1,0,2,3,84,0,3,0,3
"2017","gob",5,635,125,10,475,1,3,11,160,14,4,3,22,601,4,25,10,15
"2017","gob",5,636,50,4,168,1,1,3,44,2,2,1,6,149,1,3,3,5
"2017","gob",5,637,50,4,124,0,0,3,29,1,0,0,7,130,0,10,3,4
"2017","gob",5,638,100,8,462,4,8,10,104,10,3,5,14,550,6,21,14,18
"2017","gob",5,639,75,6,265,1,1,1,71,7,0,0,7,288,2,12,6,15
"2017","gob",5,640,125,10,607,3,3,14,99,16,5,1,20,855,5,28,17,33
"2017","gob",5,641,50,4,212,0,5,5,50,3,2,1,4,308,2,10,3,5
"2017","gob",5,642,25,2,57,0,0,2,7,0,2,0,2,140,2,1,3,0
"2017","gob",5,643,50,4,45,0,1,0,14,1,3,1,4,139,1,3,1,6
"2017","gob",5,644,25,2,47,2,1,1,13,4,0,1,2,82,1,1,1,1
"2017","gob",5,645,26,5,27,0,3,1,62,3,0,0,0,90,4,1,1,0
"2017","gob",5,646,26,5,55,1,11,3,110,5,1,1,2,131,3,0,2,0
"2017","gob",5,647,26,5,23,2,0,1,138,0,0,1,3,248,2,2,2,1
"2017","gob",5,648,26,5,65,0,1,1,67,1,1,0,24,227,0,1,1,0
"2017","gob",5,649,26,5,80,0,2,1,72,2,1,1,24,247,1,3,3,0
"2017","gob",5,650,26,5,34,0,0,0,61,0,0,0,5,184,1,1,1,0
"2017","gob",5,652,162,72,597,5,16,23,300,10,2,1,44,910,9,25,5,19
"2017","gob",5,653,567,252,1503,23,55,190,682,26,8,9,256,3998,37,69,20,139
"2017","gob",5,654,54,24,255,2,3,6,94,3,3,2,28,382,2,13,2,10
"2017","gob",5,655,54,24,183,0,0,10,58,4,0,0,16,289,3,7,0,2
"2017","gob",5,656,81,36,516,7,16,10,125,7,3,0,17,408,7,11,10,8
"2017","gob",5,657,54,24,222,0,0,8,80,4,1,1,17,310,0,7,1,7
"2017","gob",5,658,54,24,362,2,3,5,126,2,0,0,19,309,0,10,3,3
"2017","gob",5,659,54,24,267,0,1,3,82,4,0,0,26,276,0,6,1,7
"2017","gob",5,660,81,36,309,0,5,10,136,6,3,3,57,349,4,26,4,11
"2017","gob",5,661,108,48,353,0,9,24,189,7,1,0,66,680,3,20,5,23
"2017","gob",5,662,54,24,206,1,5,5,88,8,0,0,29,290,0,2,1,9
"2017","gob",5,663,297,132,1821,6,67,57,528,24,4,5,150,1947,8,49,15,55
"2017","gob",5,664,405,180,2160,11,46,78,878,29,6,7,191,2720,23,63,26,97
"2017","gob",5,665,27,12,6,0,0,3,2,1,0,0,0,75,0,0,1,0
"2017","gob",5,666,27,12,33,1,0,0,3,2,0,0,0,118,1,1,1,1
"2017","gob",5,667,27,12,28,0,0,2,6,1,1,0,0,132,1,0,0,1
"2017","gob",5,669,27,12,107,52,1,1,32,0,1,0,2,211,1,1,2,1
"2017","gob",5,670,54,24,59,2,0,0,9,1,1,0,2,104,0,0,2,1
"2017","gob",5,671,27,12,103,1,2,2,4,1,18,0,2,149,1,2,2,0
"2017","gob",5,673,54,24,202,8,3,2,10,3,2,1,13,459,4,3,0,7
"2017","gob",5,674,27,12,14,13,0,3,4,1,1,0,4,132,0,0,0,2
"2017","gob",5,676,27,12,77,7,0,2,0,0,0,0,0,231,1,0,0,0
"2017","gob",5,677,27,12,72,21,0,1,7,0,0,0,0,169,0,2,1,1
"2017","gob",5,679,27,12,8,0,0,0,0,0,0,0,1,65,0,0,0,0
"2017","gob",5,680,27,12,10,0,0,1,2,0,0,0,0,68,0,0,0,0
"2017","gob",5,681,27,12,29,0,1,1,9,0,0,0,2,123,1,2,0,0
"2017","gob",5,682,27,12,17,1,0,7,6,1,0,0,1,96,0,2,1,0
"2017","gob",5,683,27,12,23,0,0,2,7,1,0,1,3,119,3,2,0,0
"2017","gob",5,684,27,12,25,0,0,2,7,1,1,0,1,130,2,3,1,0
"2017","gob",5,685,27,12,79,0,0,2,39,2,0,0,8,168,1,7,1,5
"2017","gob",5,686,27,12,27,19,0,2,35,0,0,1,5,143,4,1,2,0
"2017","gob",5,687,27,12,16,0,0,1,10,0,0,0,39,43,0,5,0,0
"2017","gob",5,688,54,24,92,1,11,6,48,3,1,0,8,283,0,6,0,10
"2017","gob",5,689,27,12,12,0,0,0,5,0,1,0,2,85,1,0,0,0
"2017","gob",5,690,27,12,13,39,0,2,4,0,0,0,0,133,0,1,0,2
"2017","gob",5,691,84,9,714,1,0,7,169,29,2,0,6,388,0,6,108,5
"2017","gob",5,692,280,30,2443,1,4,11,368,44,5,2,14,1300,8,16,518,18
"2017","gob",5,693,168,18,1585,0,6,6,246,33,2,3,7,937,3,10,401,18
"2017","gob",5,694,56,6,515,0,3,2,57,6,0,0,2,237,1,0,106,0
"2017","gob",5,695,56,6,451,0,3,3,76,7,1,1,1,257,1,2,78,6
"2017","gob",5,696,84,9,670,0,0,10,96,11,1,1,3,300,1,2,85,2
"2017","gob",5,697,56,6,325,0,0,5,36,2,0,0,1,208,1,4,68,4
"2017","gob",5,698,56,6,402,0,1,1,50,15,2,0,3,266,3,1,72,0
"2017","gob",5,699,56,6,409,0,0,0,34,9,0,0,1,140,0,0,94,3
"2017","gob",5,700,28,3,284,0,1,0,25,0,1,1,0,117,0,1,37,3
"2017","gob",5,701,56,6,446,0,1,0,35,3,1,1,2,184,0,2,104,2
"2017","gob",5,702,56,6,430,1,0,1,43,10,3,1,0,288,0,3,99,1
"2017","gob",5,703,84,9,684,1,3,3,67,5,1,1,1,400,4,3,186,7
"2017","gob",5,704,28,3,88,0,0,1,10,5,0,1,0,59,0,3,17,1
"2017","gob",5,705,28,3,228,0,1,0,18,4,1,0,0,112,0,4,34,4
"2017","gob",5,706,112,12,974,2,5,2,73,6,5,2,8,579,3,6,309,3
"2017","gob",5,707,56,6,305,0,0,0,27,4,3,1,1,236,3,2,79,4
"2017","gob",5,708,56,6,449,0,2,2,48,6,3,1,3,281,1,2,103,1
"2017","gob",5,709,84,9,541,1,0,2,40,5,0,0,3,447,10,6,159,16
"2017","gob",5,710,56,6,261,0,1,1,31,2,0,1,2,240,0,0,61,0
"2017","gob",5,711,56,6,413,0,1,0,40,3,4,0,2,257,5,3,103,3
"2017","gob",5,712,56,6,318,0,0,4,29,1,0,1,1,222,5,2,84,4
"2017","gob",5,713,56,6,398,1,0,0,54,4,1,1,5,232,3,2,103,1
"2017","gob",5,714,56,6,424,0,0,0,74,7,0,0,2,206,0,2,105,3
"2017","gob",5,715,84,9,821,0,1,1,93,3,3,1,3,540,2,6,211,4
"2017","gob",5,716,28,3,89,0,0,1,1,0,0,0,0,52,0,0,33,0
"2017","gob",5,717,28,3,255,0,1,1,39,2,0,0,1,198,1,1,60,3
"2017","gob",5,718,28,3,332,0,1,0,33,1,0,0,1,215,1,2,81,2
"2017","gob",5,719,28,3,241,0,0,1,37,2,0,1,1,191,0,2,59,3
"2017","gob",5,720,56,6,248,0,0,0,87,3,0,2,4,220,0,1,60,2
"2017","gob",5,721,56,6,277,0,1,1,25,2,0,0,2,201,1,4,54,2
"2017","gob",5,722,56,6,520,1,0,2,50,7,0,1,3,284,2,5,148,3
"2017","gob",5,723,84,9,754,1,1,1,73,5,2,1,5,744,1,1,240,10
"2017","gob",5,724,56,6,389,0,0,0,27,9,0,0,3,279,2,3,97,3
"2017","gob",5,725,56,6,367,0,0,3,43,6,2,0,2,325,1,5,83,3
"2017","gob",5,726,28,3,208,0,0,0,23,2,0,0,2,265,0,2,47,1
"2017","gob",5,727,28,3,74,0,0,1,13,0,0,0,1,39,0,0,26,2
"2017","gob",5,728,58,8,332,0,3,5,37,12,51,3,2,399,7,21,20,1
"2017","gob",5,729,58,8,403,1,0,8,44,11,84,0,2,397,7,16,17,0
"2017","gob",5,730,90,42,658,0,4,6,200,7,1,0,15,188,0,7,0,4
"2017","gob",5,731,240,112,1743,5,10,22,506,10,6,1,33,1100,7,27,20,21
"2017","gob",5,732,120,56,811,1,8,3,233,11,2,0,14,292,0,7,4,3
"2017","gob",5,733,150,70,1376,1,2,21,251,18,0,2,12,535,1,12,23,8
"2017","gob",5,734,300,140,3008,1,4,32,384,42,6,3,16,873,6,8,33,11
"2017","gob",5,735,60,28,368,1,2,2,119,6,1,0,4,301,0,8,5,5
"2017","gob",5,736,90,39,434,0,6,5,150,12,0,0,15,311,2,4,2,2
"2017","gob",5,737,120,52,460,6,8,54,212,3,0,0,18,661,3,27,2,24
"2017","gob",5,738,150,65,411,12,3,224,209,24,5,1,26,1222,18,15,6,33
"2017","gob",5,739,60,28,237,1,5,10,110,6,2,0,12,369,2,6,1,9
"2017","gob",5,740,90,42,831,1,3,0,107,4,3,0,6,179,2,2,6,6
"2017","gob",5,741,60,28,310,0,1,4,80,2,0,2,7,132,0,3,4,5
"2017","gob",5,742,90,42,449,1,2,5,155,6,0,0,15,325,2,8,3,1
"2017","gob",5,743,60,26,390,0,5,0,90,1,0,0,9,141,0,1,2,4
"2017","gob",5,744,150,65,689,2,13,12,271,17,1,0,31,480,3,20,4,11
"2017","gob",5,745,210,91,790,6,12,20,472,20,1,4,56,1077,5,32,4,15
"2017","gob",5,746,180,78,555,69,19,34,377,14,2,3,35,1164,7,46,1,28
"2017","gob",5,747,60,26,159,6,8,14,109,2,1,0,17,322,0,12,3,6
"2017","gob",5,748,60,26,228,1,5,23,116,4,1,2,16,356,1,15,3,11
"2017","gob",5,749,60,28,291,0,0,3,80,5,0,0,7,127,0,1,2,5
"2017","gob",5,750,60,28,488,0,1,3,104,3,0,0,3,154,1,2,5,3
"2017","gob",5,751,180,84,1548,0,4,13,378,42,3,0,20,506,2,16,14,11
"2017","gob",5,752,330,154,2431,7,20,24,719,68,2,4,75,1153,7,38,37,21
"2017","gob",5,753,90,42,609,8,4,11,193,17,0,0,10,346,3,13,0,5
"2017","gob",5,754,120,56,581,7,14,13,178,9,1,1,17,587,3,17,6,10
"2017","gob",5,755,420,196,1646,11,36,131,769,39,8,5,90,2245,5,55,12,58
"2017","gob",5,756,90,42,420,0,10,21,99,6,2,2,14,425,3,5,6,9
"2017","gob",5,757,120,56,672,2,4,15,222,18,3,1,31,478,2,11,3,9
"2017","gob",5,758,60,28,350,0,9,6,151,7,2,0,14,304,1,16,4,5
"2017","gob",5,759,90,42,673,1,3,6,187,11,2,2,26,345,1,17,3,3
"2017","gob",5,760,60,28,245,0,2,1,81,17,2,1,14,195,0,4,2,1
"2017","gob",5,761,60,28,248,0,2,5,100,7,0,3,8,253,1,7,0,9
"2017","gob",5,762,60,28,370,0,0,0,73,1,0,2,4,96,0,1,5,1
"2017","gob",5,763,60,28,430,2,1,6,135,15,1,1,12,271,0,8,4,3
"2017","gob",5,764,90,42,538,2,1,5,112,6,0,0,8,220,0,8,1,5
"2017","gob",5,765,60,26,205,3,6,5,92,5,1,1,10,312,0,7,3,9
"2017","gob",5,766,600,260,2332,26,74,190,1387,78,13,15,143,3000,25,117,6,81
"2017","gob",5,767,60,26,267,0,5,3,89,17,0,0,12,211,2,6,2,2
"2017","gob",5,768,150,65,463,8,16,30,328,14,2,1,24,852,3,25,3,22
"2017","gob",5,769,60,26,162,2,4,5,124,0,2,0,13,306,0,8,3,4
"2017","gob",5,770,60,26,163,2,6,13,65,1,2,0,14,251,0,7,1,7
"2017","gob",5,771,90,39,327,19,13,18,137,9,3,0,23,611,5,11,1,10
"2017","gob",5,772,60,28,332,1,0,5,54,8,1,0,6,137,1,2,3,2
"2017","gob",5,773,30,14,336,0,0,4,31,0,2,0,2,53,0,0,3,2
"2017","gob",5,774,60,28,260,0,2,5,113,17,1,3,10,306,3,11,0,7
"2017","gob",5,775,60,28,271,0,2,7,139,5,1,0,6,219,3,6,6,2
"2017","gob",5,776,60,28,401,1,2,9,134,19,3,2,13,266,0,4,0,3
"2017","gob",5,777,540,252,1896,70,39,248,917,60,6,12,86,3143,25,69,17,53
"2017","gob",5,778,60,28,374,1,0,20,128,4,2,1,14,277,3,13,2,4
"2017","gob",5,779,60,28,337,0,1,0,150,6,0,0,13,216,0,4,2,0
"2017","gob",5,780,60,28,304,2,3,30,111,4,9,11,14,292,9,10,9,3
"2017","gob",5,781,60,30,387,0,0,2,71,5,0,0,3,134,1,2,2,5
"2017","gob",5,782,60,30,261,0,1,2,63,13,0,0,3,156,0,0,2,3
"2017","gob",5,783,60,30,328,0,4,8,77,13,1,0,4,222,0,2,1,5
"2017","gob",5,784,30,15,283,0,0,1,46,7,0,0,4,94,3,1,2,2
"2017","gob",5,785,30,13,237,0,1,2,0,1,1,0,4,54,0,1,1,1
"2017","gob",5,786,60,26,366,0,1,2,60,4,1,0,6,79,0,2,7,1
"2017","gob",5,787,90,39,243,11,5,15,132,5,1,0,15,422,1,15,2,11
"2017","gob",5,788,90,39,243,22,9,18,119,7,1,1,9,595,8,16,3,21
"2017","gob",5,789,60,26,164,6,4,7,126,4,0,2,16,316,0,16,0,4
"2017","gob",5,790,120,52,398,99,12,81,196,8,0,3,10,1032,4,19,2,21
"2017","gob",5,791,60,26,243,4,6,5,148,4,0,1,18,304,1,10,2,11
"2017","gob",5,792,90,39,230,11,8,15,150,3,1,1,14,456,2,18,1,15
"2017","gob",5,793,60,26,165,3,4,10,111,5,1,2,17,354,0,10,0,2
"2017","gob",5,794,90,39,252,21,7,29,111,6,3,0,17,558,4,11,3,9
"2017","gob",5,795,90,39,305,5,9,9,154,8,2,4,13,529,0,13,1,32
"2017","gob",5,796,90,39,614,1,5,7,144,13,1,0,11,241,3,4,4,4
"2017","gob",5,797,30,13,268,0,0,5,48,1,0,0,3,81,0,0,6,3
"2017","gob",5,798,60,30,309,1,2,9,63,3,0,0,5,127,0,3,2,5
"2017","gob",5,799,30,15,208,0,1,3,68,0,1,0,6,120,0,0,1,3
"2017","gob",5,800,90,42,570,1,9,13,184,30,2,0,20,369,0,17,1,7
"2017","gob",5,801,60,28,435,1,0,5,122,25,2,3,9,294,1,5,3,4
"2017","gob",5,802,30,14,115,0,1,6,56,6,0,0,5,163,0,4,0,3
"2017","gob",5,803,60,28,172,9,1,10,75,1,9,9,12,315,2,8,2,3
"2017","gob",5,804,60,28,142,2,0,9,114,2,0,0,13,312,0,8,1,7
"2017","gob",5,805,90,42,584,0,4,6,194,9,1,1,11,403,1,12,18,7
"2017","gob",5,806,30,15,164,0,1,1,43,1,0,2,2,105,1,0,1,1
"2017","gob",5,807,60,30,249,1,2,8,116,2,0,0,9,171,1,8,2,3
"2017","gob",5,808,60,30,238,1,5,2,79,2,3,2,6,175,2,8,2,8
"2017","gob",5,809,30,15,149,0,5,4,58,2,0,0,3,150,0,5,1,6
"2017","gob",5,810,30,15,296,0,0,6,48,2,0,0,5,77,0,0,3,2
"2017","gob",5,811,30,13,196,0,2,1,40,1,0,1,4,56,1,0,5,0
"2017","gob",5,812,60,26,186,3,3,6,115,7,0,3,11,326,2,8,0,7
"2017","gob",5,813,60,26,170,3,1,5,91,5,1,0,8,275,10,13,0,6
"2017","gob",5,814,90,39,263,24,12,45,132,6,1,2,15,701,3,10,1,23
"2017","gob",5,815,60,26,199,2,1,9,80,5,0,0,14,325,3,6,1,10
"2017","gob",5,816,180,78,729,56,21,24,374,17,4,2,56,1079,7,51,2,37
"2017","gob",5,817,90,39,257,12,5,23,145,8,1,1,16,837,15,22,1,14
"2017","gob",5,818,90,39,174,26,4,17,126,8,1,5,14,597,1,14,0,16
"2017","gob",5,819,60,26,171,5,17,11,107,8,1,0,8,373,1,17,2,17
"2017","gob",5,820,60,26,221,14,3,4,112,6,1,0,7,375,2,5,0,10
"2017","gob",5,821,60,26,182,8,0,9,85,2,1,1,10,272,2,2,1,3
"2017","gob",5,822,60,26,150,10,3,3,69,5,0,0,2,279,1,4,2,10
"2017","gob",5,823,60,26,209,3,3,3,79,3,0,0,7,192,1,11,0,1
"2017","gob",5,824,30,13,114,1,1,4,55,1,2,1,5,215,11,8,0,4
"2017","gob",5,825,60,26,158,4,5,7,89,2,3,1,8,306,1,9,0,7
"2017","gob",5,826,30,13,157,0,0,6,43,3,0,0,7,146,0,5,1,6
"2017","gob",5,827,30,13,212,1,1,3,69,5,1,0,4,84,1,6,3,4
"2017","gob",5,828,60,30,189,1,2,4,100,18,0,0,10,217,3,3,4,4
"2017","gob",5,829,90,42,403,1,10,14,135,9,3,2,19,485,1,9,3,6
"2017","gob",5,831,90,42,447,2,13,18,216,15,4,10,25,530,4,12,2,11
"2017","gob",5,832,120,60,545,3,11,42,257,14,3,1,20,753,5,18,2,29
"2017","gob",5,833,60,30,393,2,3,20,160,15,0,2,10,299,1,9,2,10
"2017","gob",5,834,150,75,471,6,22,80,234,30,0,1,19,848,2,20,7,30
"2017","gob",5,835,60,30,152,1,1,18,84,3,1,0,4,320,1,9,1,8
"2017","gob",5,836,90,45,264,1,2,24,186,12,0,1,12,506,2,10,2,19
"2017","gob",5,837,60,30,178,1,3,6,91,2,0,0,8,245,1,4,0,4
"2017","gob",5,838,60,30,202,0,5,7,78,3,0,0,7,249,4,9,1,6
"2017","gob",5,839,30,15,178,0,0,3,76,4,0,1,5,155,0,6,0,3
"2017","gob",5,840,30,15,133,0,3,1,63,4,1,0,10,206,0,4,0,7
"2017","gob",5,841,30,15,124,0,0,7,66,1,0,0,9,134,4,5,1,2
"2017","gob",5,842,30,15,150,0,3,4,57,10,0,0,9,100,1,3,1,1
"2017","gob",5,843,30,15,177,1,1,3,91,9,2,1,10,121,0,5,2,1
"2017","gob",5,844,30,13,117,2,0,1,68,1,0,0,2,92,0,3,1,2
"2017","gob",5,845,30,13,144,1,0,6,48,2,1,1,2,116,1,0,0,1
"2017","gob",5,846,30,13,147,0,0,2,71,3,0,0,3,92,0,2,1,0
"2017","gob",5,847,60,26,337,2,3,4,83,8,2,0,10,182,0,3,6,2
"2017","gob",5,848,30,13,206,1,1,0,69,5,1,0,6,139,1,1,1,6
"2017","gob",5,849,30,13,92,3,3,1,44,2,0,0,2,136,0,0,1,1
"2017","gob",5,850,60,26,303,8,5,4,129,7,0,2,16,340,0,6,3,6
"2017","gob",5,851,60,26,228,0,10,21,94,16,1,3,11,315,1,8,3,7
"2017","gob",5,852,150,65,331,22,16,71,142,7,8,2,12,1324,9,34,5,17
"2017","gob",5,853,90,39,310,4,11,45,155,8,2,2,26,632,4,18,5,14
"2017","gob",5,854,60,26,323,8,3,5,159,8,0,0,11,311,0,15,0,6
"2017","gob",5,855,60,26,302,1,1,12,126,5,1,2,13,198,0,11,3,6
"2017","gob",5,856,60,26,293,0,6,10,136,3,0,3,7,276,2,4,3,3
"2017","gob",5,857,60,26,238,3,4,6,72,11,4,1,7,125,0,0,4,2
"2017","gob",5,858,30,13,112,0,1,5,50,1,0,0,4,61,1,0,1,2
"2017","gob",5,859,30,13,182,0,0,1,71,5,1,0,6,104,1,0,2,1
"2017","gob",5,860,30,15,139,1,5,3,94,6,0,1,6,185,2,6,1,1
"2017","gob",5,861,30,15,180,0,2,1,96,3,0,1,4,106,1,5,1,4
"2017","gob",5,862,60,30,213,8,1,6,87,15,0,1,9,231,0,2,0,6
"2017","gob",5,863,60,30,167,1,5,29,110,9,0,0,11,316,1,20,1,2
"2017","gob",5,864,60,30,170,2,5,30,99,5,2,0,6,340,1,31,1,7
"2017","gob",5,865,60,30,267,2,5,14,105,4,1,0,8,281,2,14,0,9
"2017","gob",5,866,60,30,362,0,5,5,140,6,0,2,12,215,1,5,2,6
"2017","gob",5,867,90,45,315,0,3,53,160,14,2,1,15,435,0,13,2,12
"2017","gob",5,868,210,98,946,8,14,49,535,39,6,5,50,1228,5,37,12,34
"2017","gob",5,869,390,182,1311,12,31,144,832,80,5,5,76,2717,5,91,11,75
"2017","gob",5,870,60,30,201,0,6,10,94,6,0,0,12,222,0,16,0,6
"2017","gob",5,871,60,30,350,2,2,7,104,6,0,1,6,162,1,1,5,0
"2017","gob",5,872,60,30,407,0,7,16,144,13,0,2,13,255,1,8,3,6
"2017","gob",5,873,60,30,220,0,8,16,90,4,1,0,14,228,0,4,1,7
"2017","gob",5,874,30,15,165,0,4,5,66,3,0,1,5,119,0,0,2,3
"2017","gob",5,875,30,15,170,1,1,5,63,2,0,0,7,105,0,2,2,3
"2017","gob",5,876,60,30,172,1,1,49,78,5,0,0,9,304,0,5,3,8
"2017","gob",5,877,60,26,175,2,0,8,70,8,0,0,8,163,0,1,0,4
"2017","gob",5,878,30,13,127,1,2,5,36,2,0,0,6,79,0,3,0,1
"2017","gob",5,879,30,13,154,3,1,3,75,1,0,2,7,119,0,3,1,2
"2017","gob",5,880,60,26,147,2,1,28,110,11,0,3,14,274,3,3,1,8
"2017","gob",5,881,30,13,133,0,1,5,72,3,0,0,4,107,0,4,0,5
"2017","gob",5,882,60,26,188,1,1,2,71,2,2,1,9,161,1,5,1,3
"2017","gob",5,883,90,39,315,3,34,23,186,14,2,2,24,547,3,16,2,11
"2017","gob",5,884,60,26,188,2,6,21,110,4,0,1,11,285,1,4,1,5
"2017","gob",5,885,60,26,119,3,2,24,72,6,0,0,7,351,1,5,1,5
"2017","gob",5,886,60,26,227,11,4,16,136,1,0,2,11,438,1,13,4,7
"2017","gob",5,887,60,26,185,0,6,31,76,4,2,1,13,420,1,8,1,10
"2017","gob",5,888,60,26,188,1,8,24,123,7,1,2,13,439,3,14,1,10
"2017","gob",5,889,60,26,154,2,3,37,105,3,0,0,12,429,2,10,0,6
"2017","gob",5,890,60,26,160,4,3,18,107,4,1,0,13,331,0,7,0,5
"2017","gob",5,891,60,26,182,0,4,3,100,5,0,2,9,170,2,1,0,1
"2017","gob",5,892,30,13,186,1,4,3,46,6,0,0,13,150,0,5,1,4
"2017","gob",5,893,60,26,219,0,1,10,76,3,1,0,15,179,0,0,1,3
"2017","gob",5,894,30,13,131,2,1,4,51,5,0,0,7,187,0,1,0,0
"2017","gob",5,895,60,26,182,10,3,45,83,4,2,1,11,379,4,3,1,7
"2017","gob",5,896,60,30,167,0,3,26,86,6,1,0,11,268,0,12,0,10
"2017","gob",5,897,60,30,271,4,3,8,125,5,4,1,14,255,0,7,1,4
"2017","gob",5,898,60,30,268,1,9,4,80,13,1,1,6,178,0,6,2,9
"2017","gob",5,899,60,30,246,1,4,3,78,15,2,1,6,208,0,5,2,5
"2017","gob",5,900,30,15,134,0,2,5,34,5,0,0,7,119,0,3,1,2
"2017","gob",5,901,30,15,149,0,1,1,67,3,0,1,3,112,1,8,0,11
"2017","gob",5,902,60,30,301,0,6,9,128,12,0,0,16,369,2,9,2,11
"2017","gob",5,903,60,30,172,2,4,28,93,3,0,2,10,455,1,17,1,15
"2017","gob",5,904,90,45,287,1,7,28,194,14,0,1,22,462,4,17,5,12
"2017","gob",5,905,270,135,965,2,13,67,598,31,3,9,72,1528,11,58,10,41
"2017","gob",5,906,90,45,323,4,4,27,197,8,1,4,22,630,1,18,4,7
"2017","gob",5,907,570,285,1333,48,72,242,887,37,11,10,85,4402,18,66,8,103
"2017","gob",5,908,120,60,303,16,14,121,168,35,2,8,18,891,3,20,2,30
"2017","gob",5,909,90,45,320,31,24,45,203,9,2,2,14,693,4,17,0,26
"2017","gob",5,910,60,30,163,0,5,4,70,10,0,1,7,250,2,6,0,11
"2017","gob",5,911,60,30,195,2,1,10,98,2,0,0,9,315,0,8,3,11
"2017","gob",5,912,60,30,285,2,3,14,97,9,1,2,2,275,0,5,1,5
"2017","gob",5,913,60,30,281,2,3,4,100,15,1,2,10,230,1,8,0,8
"2017","gob",5,914,60,30,265,3,6,4,111,7,0,2,13,262,2,8,1,6
"2017","gob",5,915,60,30,191,0,5,13,76,10,1,0,18,249,0,5,2,6
"2017","gob",5,916,30,13,137,2,0,2,67,3,0,1,5,197,0,7,2,3
"2017","gob",5,917,30,13,98,2,4,8,67,2,2,1,5,188,0,2,1,5
"2017","gob",5,918,60,26,747,0,0,3,110,5,1,2,4,216,1,8,3,2
"2017","gob",5,919,60,26,305,0,7,2,97,5,1,0,6,211,5,1,2,4
"2017","gob",5,920,60,26,196,1,1,7,91,6,0,0,11,267,0,8,2,7
"2017","gob",5,921,60,26,122,4,3,27,130,5,1,1,7,363,1,7,0,8
"2017","gob",5,922,60,26,189,4,9,24,124,6,2,2,15,398,1,6,1,9
"2017","gob",5,923,60,26,126,2,4,42,77,5,1,1,10,653,3,13,0,21
"2017","gob",5,924,60,32,121,7,4,7,61,3,1,0,8,226,0,8,1,5
"2017","gob",5,925,60,26,117,2,2,7,82,1,1,2,18,328,2,13,1,9
"2017","gob",5,926,60,32,133,4,14,5,89,2,1,0,28,349,3,9,0,9
"2017","gob",5,927,60,32,152,31,19,18,78,8,1,2,11,417,1,14,3,7
"2017","gob",5,928,60,32,142,11,6,5,67,6,1,2,12,329,2,15,3,4
"2017","gob",5,929,90,48,202,3,5,16,100,7,0,1,10,483,0,16,0,15
"2017","gob",5,930,90,48,350,8,10,18,205,8,2,4,25,637,2,20,4,16
"2017","gob",5,931,60,32,146,3,3,8,100,6,1,0,7,308,0,10,1,9
"2017","gob",5,932,60,32,228,2,2,13,88,13,0,1,11,457,0,7,1,11
"2017","gob",5,933,60,26,131,1,4,7,114,7,0,1,21,236,0,9,3,3
"2017","gob",5,934,60,30,164,1,1,2,78,6,0,1,7,324,1,8,3,2
"2017","gob",5,935,60,30,118,2,4,11,86,2,1,1,5,306,2,8,2,5
"2017","gob",5,936,90,45,324,1,6,22,174,6,2,1,20,546,2,13,2,13
"2017","gob",5,937,60,30,274,0,3,9,108,9,1,1,11,378,4,7,2,10
"2017","gob",5,938,90,45,261,0,7,17,113,3,0,1,18,555,5,15,2,11
"2017","gob",5,939,60,30,162,0,0,9,105,4,1,0,16,253,0,5,0,6
"2017","gob",5,940,60,30,160,0,8,12,90,3,0,1,11,357,1,3,0,5
"2017","gob",5,941,60,30,241,1,6,18,106,8,0,0,8,378,3,9,0,9
"2017","gob",5,942,60,30,181,2,3,10,96,2,0,0,5,449,1,10,0,8
"2017","gob",5,943,360,180,1069,20,36,334,848,35,6,6,72,2541,11,66,9,77
"2017","gob",5,944,60,30,117,2,4,54,40,0,0,1,3,365,1,6,0,11
"2017","gob",5,945,60,30,116,0,11,55,70,7,1,1,4,487,2,8,1,12
"2017","gob",5,946,180,90,337,39,11,125,201,15,2,5,29,1736,9,29,1,36
"2017","gob",5,947,60,30,163,0,1,8,100,2,0,2,10,227,0,6,0,3
"2017","gob",5,948,60,30,150,0,3,8,105,3,1,0,12,204,0,8,1,6
"2017","gob",5,949,210,105,691,7,16,112,465,28,3,4,53,1509,7,44,5,58
"2017","gob",5,950,210,105,562,12,19,82,332,20,0,2,31,1448,2,41,4,33
"2017","gob",5,951,60,30,130,7,4,47,76,0,1,2,11,462,0,9,0,9
"2017","gob",5,952,180,90,665,5,10,89,364,28,4,5,46,1249,12,36,2,42
"2017","gob",5,953,60,30,209,5,7,8,96,7,0,2,11,409,0,7,1,13
"2017","gob",5,954,60,30,251,0,9,6,101,4,0,0,14,357,0,8,2,5
"2017","gob",5,955,60,30,190,3,6,22,89,1,0,0,12,372,1,10,0,11
"2017","gob",5,956,60,30,208,4,5,4,123,3,0,0,23,333,1,8,2,4
"2017","gob",5,957,60,30,278,0,2,20,110,16,0,0,18,331,0,10,0,6
"2017","gob",5,958,60,30,239,0,5,7,114,10,0,6,12,320,0,7,1,9
"2017","gob",5,959,60,30,157,4,2,4,90,8,1,1,10,374,1,3,0,10
"2017","gob",5,960,60,30,156,1,14,2,90,4,0,1,6,294,0,6,0,6
"2017","gob",5,961,150,80,702,15,15,16,421,40,7,6,38,954,5,37,10,20
"2017","gob",5,962,30,16,145,1,5,9,67,5,0,0,7,225,0,4,2,4
"2017","gob",5,963,60,32,160,1,1,8,146,3,1,1,18,320,2,12,7,7
"2017","gob",5,964,60,32,165,2,6,11,105,3,0,2,9,293,1,10,1,3
"2017","gob",5,965,60,32,203,10,5,9,133,12,1,0,17,415,1,11,4,10
"2017","gob",5,966,90,48,941,23,239,10,128,14,4,3,17,498,2,13,5,12
"2017","gob",5,967,90,48,247,14,22,18,113,4,0,2,23,675,2,16,1,11
"2017","gob",5,968,60,32,104,97,3,18,78,6,1,1,9,533,0,9,1,13
"2017","gob",5,969,120,64,342,38,24,19,147,16,4,3,24,1089,2,27,5,26
"2017","gob",5,970,270,144,928,33,45,57,504,30,3,5,78,1761,5,46,11,36
"2017","gob",5,971,90,48,326,0,7,4,160,7,1,2,20,326,1,7,1,10
"2017","gob",5,972,90,48,319,2,6,24,173,4,1,1,17,538,1,23,1,12
"2017","gob",5,973,90,48,253,9,7,8,186,6,6,2,15,439,2,7,4,11
"2017","gob",5,974,60,32,228,0,5,5,171,11,0,1,16,433,4,5,4,4
"2017","gob",5,975,60,32,204,0,6,3,134,11,0,1,14,387,3,10,1,7
"2017","gob",5,976,60,32,522,1,0,2,134,19,3,2,6,198,0,2,4,5
"2017","gob",5,977,150,80,705,1,16,15,293,28,4,3,34,686,2,28,7,24
"2017","gob",5,978,60,30,244,2,3,15,102,8,0,0,13,430,2,5,1,16
"2017","gob",5,979,120,60,297,12,11,80,215,6,3,5,21,955,0,24,6,30
"2017","gob",5,980,120,64,255,4,9,36,207,9,2,1,24,736,6,21,4,24
"2017","gob",5,981,120,64,460,10,15,85,264,15,3,4,35,980,7,25,7,17
"2017","gob",5,982,60,32,223,2,2,13,137,11,0,3,15,315,2,4,1,12
"2017","gob",5,983,60,32,252,1,7,6,138,5,0,1,20,281,1,7,0,11
"2017","gob",5,984,60,32,248,0,2,11,172,9,3,1,25,324,3,10,4,5
"2017","gob",5,985,90,48,346,1,13,14,187,6,3,3,19,551,3,12,7,14
"2017","gob",5,986,90,48,223,6,8,9,162,8,1,2,18,541,1,14,4,12
"2017","gob",5,987,270,144,757,77,28,47,469,25,5,9,61,1737,7,52,9,33
"2017","gob",5,988,60,32,474,2,4,16,154,9,2,1,14,215,1,3,1,6
"2017","gob",5,989,60,32,227,2,7,14,133,7,2,1,15,428,0,18,4,8
"2017","gob",5,990,90,48,413,0,9,10,216,8,0,1,19,359,1,19,3,10
"2017","gob",5,991,60,32,274,1,8,10,151,9,1,1,15,200,1,16,1,7
"2017","gob",5,993,330,176,1166,20,68,93,835,56,6,8,84,2538,13,51,10,57
"2017","gob",5,994,270,144,657,7,37,89,441,23,6,7,52,2550,7,54,8,157
"2017","gob",5,995,60,32,247,0,4,8,130,9,0,0,8,270,0,6,1,7
"2017","gob",5,996,60,32,274,0,14,13,127,7,0,1,11,275,2,9,2,14
"2017","gob",5,997,60,32,257,0,7,23,92,5,2,0,13,212,1,6,2,2
"2017","gob",5,998,90,48,226,15,14,12,111,16,0,3,16,514,7,16,1,37
"2017","gob",5,999,60,32,136,2,5,4,90,4,1,1,10,277,2,2,0,5
"2017","gob",5,1000,30,16,45,21,0,2,4,0,0,0,0,118,0,2,0,1
"2017","gob",5,1001,30,16,55,71,0,2,10,1,2,2,1,257,1,2,0,1
"2017","gob",5,1002,120,64,267,29,12,23,153,4,3,0,24,839,19,16,3,35
"2017","gob",5,1003,30,16,25,0,0,1,1,0,0,4,0,67,1,1,0,2
"2017","gob",5,1004,30,16,34,7,2,4,16,2,0,0,4,191,1,4,2,7
"2017","gob",5,1005,60,32,121,35,2,13,37,2,4,1,9,296,2,6,2,6
"2017","gob",5,1006,330,176,985,68,49,80,738,46,1,8,72,2077,4,81,10,48
"2017","gob",5,1007,30,16,18,14,0,1,8,2,1,0,1,188,0,6,0,1
"2017","gob",5,1008,30,16,112,2,1,0,11,1,1,0,5,126,1,1,0,3
"2017","gob",5,1009,60,32,191,2,11,4,23,2,1,2,2,330,5,4,0,3
"2017","gob",5,1010,30,16,79,0,0,1,8,1,0,0,0,99,1,1,0,1
"2017","gob",5,1011,60,32,184,75,11,5,108,13,4,4,7,644,7,11,2,16
"2017","gob",5,1012,30,16,17,13,1,0,4,1,3,1,0,87,0,5,1,1
"2017","gob",5,1013,30,16,41,0,5,0,20,3,0,1,2,103,0,1,1,1
"2017","gob",5,1014,60,32,189,5,10,2,81,2,4,3,10,507,1,5,5,2
"2017","gob",5,1015,30,16,40,33,0,2,6,1,4,1,3,217,0,3,0,2
"2017","gob",5,1016,30,16,16,13,0,5,3,0,0,1,0,194,2,2,0,5
"2017","gob",5,1017,30,16,7,1,0,0,11,1,0,0,1,50,0,1,0,2
"2017","gob",5,1018,30,16,5,0,0,0,7,0,0,0,1,38,0,1,0,0
"2017","gob",5,1019,30,16,27,0,0,0,2,1,0,0,0,137,0,3,0,0
"2017","gob",5,1020,30,16,18,1,0,0,4,2,0,0,1,44,0,0,0,1
"2017","gob",5,1021,30,16,14,0,0,0,0,0,0,0,0,86,1,0,1,2
"2017","gob",5,1022,30,16,20,0,0,1,3,1,0,0,3,94,0,2,0,1
"2017","gob",5,1023,30,16,46,30,1,0,8,2,0,0,2,149,0,4,1,0
"2017","gob",5,1024,30,16,7,26,0,0,1,0,1,2,1,99,0,0,0,2
"2017","gob",5,1025,30,16,5,35,0,0,4,0,0,0,1,154,0,0,0,1
"2017","gob",5,1026,30,16,42,1,1,0,9,0,0,1,0,155,0,1,0,3
"2017","gob",5,1027,30,16,24,0,0,0,6,0,1,1,1,97,0,3,0,2
"2017","gob",5,1028,30,16,7,0,0,0,3,0,0,0,0,77,0,0,1,1
"2017","gob",5,1029,30,16,22,80,0,1,0,0,2,1,3,289,0,0,0,4
"2017","gob",5,1030,30,16,22,15,0,0,1,1,0,0,0,113,0,0,4,0
"2017","gob",5,1031,30,16,11,109,0,1,15,2,1,0,2,391,0,0,0,3
"2017","gob",5,1032,30,16,2,18,0,0,6,0,0,1,0,86,0,0,0,4
"2017","gob",5,1033,30,16,16,63,0,0,9,0,1,1,2,242,0,2,1,3
"2017","gob",5,1034,30,16,13,0,0,0,4,0,0,0,0,93,0,1,0,2
"2017","gob",5,1035,30,16,6,30,1,0,2,1,0,0,0,156,0,0,0,2
"2017","gob",5,1036,30,16,29,1,1,0,7,0,2,0,0,92,1,0,0,4
"2017","gob",5,1038,30,16,23,6,0,0,35,1,1,3,2,221,0,2,0,3
"2017","gob",5,1039,30,16,21,8,1,0,22,0,0,0,1,237,0,2,0,1
"2017","gob",5,1040,62,8,190,0,4,4,231,26,1,5,5,372,1,19,1,2
"2017","gob",5,1041,62,8,263,0,3,3,133,48,6,0,2,381,1,15,4,2
"2017","gob",5,1042,93,12,336,1,12,1,201,62,12,0,5,510,1,22,1,2
"2017","gob",5,1043,62,8,249,1,3,0,145,37,2,0,5,327,2,13,2,2
"2017","gob",5,1044,62,8,254,1,8,5,110,24,2,2,2,271,0,4,2,1
"2017","gob",5,1045,31,4,155,0,5,1,63,19,2,0,1,172,0,5,1,0
"2017","gob",5,1046,62,8,291,0,1,4,124,33,0,1,14,364,3,7,3,1
"2017","gob",5,1047,62,8,333,1,5,2,156,38,0,1,3,387,1,25,5,0
"2017","gob",5,1048,93,12,365,0,5,7,216,62,5,1,8,539,1,22,1,0
"2017","gob",5,1049,62,8,181,0,5,2,106,23,0,0,7,335,0,10,0,5
"2017","gob",5,1050,62,8,198,0,2,1,84,10,2,2,3,175,1,7,3,1
"2017","gob",5,1051,62,8,179,0,2,4,145,39,0,0,6,371,1,15,1,2
"2017","gob",5,1052,62,8,234,0,2,6,132,33,1,2,4,371,1,9,3,4
"2017","gob",5,1054,31,4,56,0,0,0,7,6,1,0,0,90,0,4,0,0
"2017","gob",5,1055,31,4,84,3,1,2,24,4,3,0,1,169,1,4,0,0
"2017","gob",5,1056,31,4,47,0,0,2,31,9,0,0,1,164,1,3,0,0
"2017","gob",5,1057,31,4,58,1,1,1,34,3,4,0,2,142,0,4,0,3
"2017","gob",5,1058,64,6,220,0,0,0,125,6,3,0,2,198,0,3,0,1
"2017","gob",5,1059,32,3,113,1,1,2,89,2,3,0,1,113,0,1,0,0
"2017","gob",5,1060,64,6,187,4,2,1,143,2,1,2,2,259,1,4,0,2
"2017","gob",5,1061,96,9,577,0,0,7,193,9,1,0,3,329,1,2,16,3
"2017","gob",5,1062,96,9,330,0,1,2,129,0,1,0,4,411,2,3,0,3
"2017","gob",5,1063,64,6,279,0,1,3,141,3,0,0,2,239,0,6,2,2
"2017","gob",5,1064,64,6,319,0,0,0,119,1,0,0,7,283,0,4,1,4
"2017","gob",5,1065,64,6,210,0,0,5,66,2,0,0,0,219,1,1,3,1
"2017","gob",5,1066,64,6,217,0,0,1,106,4,1,0,2,180,0,0,1,5
"2017","gob",5,1067,96,9,413,0,1,2,121,9,0,2,6,395,0,4,5,2
"2017","gob",5,1068,64,6,286,0,0,2,94,1,1,0,2,291,0,5,3,4
"2017","gob",5,1069,64,6,208,0,0,1,80,2,0,1,1,178,0,3,4,1
"2017","gob",5,1070,32,3,73,0,0,1,18,1,1,0,2,139,0,1,1,1
"2017","gob",5,1071,64,6,426,1,0,1,143,2,2,1,4,298,2,3,1,2
"2017","gob",5,1072,64,6,183,0,0,1,114,1,1,1,1,221,1,4,3,5
"2017","gob",5,1073,64,6,318,1,0,3,116,0,0,2,2,273,1,2,1,6
"2017","gob",5,1074,32,3,185,0,1,0,40,3,0,0,0,167,0,1,2,0
"2017","gob",5,1075,32,3,143,0,0,4,62,1,0,0,2,129,1,2,1,1
"2017","gob",5,1076,64,6,292,0,0,0,115,1,0,0,0,209,0,4,7,3
"2017","gob",5,1077,32,3,169,0,0,0,58,2,0,0,3,128,0,0,0,0
"2017","gob",5,1078,96,9,625,0,2,1,279,6,4,2,2,348,0,7,22,7
"2017","gob",5,1079,64,6,255,0,0,4,113,3,1,1,1,187,0,2,4,2
"2017","gob",5,1080,32,3,227,0,0,1,104,3,1,2,1,112,0,1,9,1
"2017","gob",5,1081,32,3,167,0,0,0,77,9,0,0,0,121,0,3,1,1
"2017","gob",5,1082,64,6,371,0,2,2,96,3,1,0,3,343,4,4,5,3
"2017","gob",5,1083,64,6,277,2,0,0,107,5,0,0,1,187,4,2,3,0
"2017","gob",5,1084,64,6,135,0,2,2,42,2,3,0,0,64,1,1,3,0
"2017","gob",5,1085,64,6,302,0,3,2,129,11,2,1,0,156,0,1,4,1
"2017","gob",5,1086,64,6,210,0,0,2,75,2,0,0,0,184,1,8,0,3
"2017","gob",5,1087,64,6,209,0,0,1,62,4,1,0,3,238,0,4,3,1
"2017","gob",5,1088,96,9,614,0,0,10,271,15,0,1,2,427,0,2,8,2
"2017","gob",5,1089,32,3,116,0,0,1,29,0,3,0,2,178,4,3,0,2
"2017","gob",5,1090,64,6,253,0,0,3,62,1,0,0,1,297,0,1,1,1
"2017","gob",5,1091,165,20,523,0,7,22,152,19,10,5,38,579,2,16,80,11
"2017","gob",5,1092,33,4,102,0,0,5,39,0,6,1,2,153,1,0,19,1
"2017","gob",5,1093,66,8,199,3,1,30,52,7,4,1,20,337,2,6,32,10
"2017","gob",5,1094,99,12,500,2,5,21,83,9,8,1,30,517,6,18,100,9
"2017","gob",5,1095,66,8,222,1,5,10,25,1,4,0,13,228,0,4,16,5
"2017","gob",5,1096,66,8,271,1,8,13,58,3,5,4,13,299,3,4,38,6
"2017","gob",5,1097,66,8,246,1,2,14,70,4,2,2,11,349,2,7,28,19
"2017","gob",5,1098,99,12,276,1,3,6,60,4,9,6,13,294,0,13,25,9
"2017","gob",5,1099,66,8,119,0,2,1,22,2,3,1,7,170,1,7,4,1
"2017","gob",5,1100,66,8,316,4,4,9,67,3,5,0,21,295,1,4,56,2
"2017","gob",5,1101,33,4,86,0,1,3,31,4,1,1,0,117,0,2,4,2
"2017","gob",5,1102,33,4,89,0,0,3,21,1,0,0,0,93,1,1,4,1
"2017","gob",5,1103,66,8,140,1,0,0,35,5,2,2,5,204,0,8,9,3
"2017","gob",5,1104,66,8,251,1,2,8,67,6,14,0,8,212,1,5,12,3
"2017","gob",5,1105,66,8,99,0,2,5,46,4,4,1,7,211,2,4,7,4
"2017","gob",5,1106,66,8,184,2,4,2,37,3,6,3,13,199,1,14,29,2
"2017","gob",5,1107,33,4,65,0,0,6,19,0,3,0,1,91,0,0,4,0
"2017","gob",5,1108,66,8,194,0,2,2,38,1,5,3,2,174,7,1,21,1
"2017","gob",5,1109,66,8,285,0,4,3,55,7,5,1,10,220,2,11,24,4
"2017","gob",5,1110,66,8,201,1,3,3,50,12,6,1,10,253,1,2,20,10
"2017","gob",5,1111,66,8,247,2,1,13,73,4,3,2,11,278,3,2,46,8
"2017","gob",5,1112,66,8,130,1,2,2,46,5,8,1,5,179,1,2,15,4
"2017","gob",5,1113,66,8,198,3,4,8,32,6,11,0,7,211,2,2,20,2
"2017","gob",5,1114,33,4,36,0,1,2,26,0,0,0,7,118,2,5,2,3
"2017","gob",5,1115,99,12,278,1,5,14,85,10,7,1,22,403,3,6,25,10
"2017","gob",5,1116,66,8,253,0,2,8,52,4,4,2,19,326,4,5,48,7
"2017","gob",5,1117,66,8,108,0,1,2,66,3,4,2,20,312,4,5,7,6
"2017","gob",5,1118,99,12,343,0,1,6,77,4,8,4,33,395,9,8,33,16
"2017","gob",5,1119,33,4,36,1,0,0,2,0,0,0,0,42,0,0,4,0
"2017","gob",5,1120,33,4,112,1,0,1,1,0,0,0,1,60,1,0,33,0
"2017","gob",5,1121,33,4,72,0,0,0,3,1,1,2,1,80,0,1,9,0
"2017","gob",5,1122,33,4,170,1,0,13,11,6,4,0,6,189,2,1,10,5
"2017","gob",5,1123,33,4,0,0,0,0,1,0,0,1,2,55,0,1,0,0
"2017","gob",5,1124,33,4,7,0,0,9,6,0,1,0,0,70,0,1,0,0
"2017","gob",5,1125,66,8,356,29,0,2,31,1,18,7,5,401,0,6,12,2
"2017","gob",5,1126,33,4,108,4,0,2,2,0,7,1,2,90,0,9,16,1
"2017","gob",5,1127,33,4,151,0,0,2,19,7,8,2,1,164,0,1,13,1
"2017","gob",5,1128,66,8,215,0,1,6,48,12,3,2,23,232,1,2,6,2
"2017","gob",5,1129,66,8,244,0,1,11,29,5,7,4,21,297,1,1,19,3
"2017","gob",5,1130,66,8,285,0,1,1,12,17,8,0,5,270,1,6,14,1
"2017","gob",5,1131,66,8,256,4,0,4,54,2,4,4,5,314,1,10,14,0
"2017","gob",5,1132,99,12,548,1,5,11,88,12,3,1,13,502,1,18,53,8
"2017","gob",5,1133,33,4,88,1,1,2,26,2,0,0,3,204,0,2,1,2
"2017","gob",5,1134,33,4,192,0,0,2,9,3,0,0,0,90,0,1,92,1
"2017","gob",5,1135,66,8,468,0,0,8,23,1,7,2,3,237,0,6,179,5
"2017","gob",5,1136,66,8,257,0,0,7,84,83,6,2,9,432,0,5,5,7
"2017","gob",5,1137,66,8,295,1,0,12,57,59,5,1,19,460,2,6,18,3
"2017","gob",5,1138,66,8,179,1,2,1,27,2,3,0,8,208,1,9,13,3
"2017","gob",5,1139,66,8,312,0,1,1,42,1,8,2,15,181,0,7,20,5
"2017","gob",5,1140,66,8,394,0,2,7,83,5,6,2,20,261,1,10,41,2
"2017","gob",5,1141,66,8,489,0,1,2,66,5,8,4,14,257,2,6,98,0
"2017","gob",5,1142,99,12,511,1,2,6,42,4,13,2,21,324,1,15,82,5
"2017","gob",5,1143,33,4,277,1,0,1,3,0,4,0,3,93,0,4,115,0
"2017","gob",5,1144,33,4,299,0,0,0,11,0,0,1,1,159,0,2,143,1
"2017","gob",5,1145,33,4,20,0,0,1,2,0,0,0,2,44,1,2,6,0
"2017","gob",5,1146,66,8,437,0,5,5,27,7,5,1,5,270,0,6,87,1
"2017","gob",5,1147,66,8,195,1,7,0,47,3,10,3,7,238,3,4,19,3
"2017","gob",5,1148,66,8,263,2,10,14,81,2,3,1,24,326,1,16,56,13
"2017","gob",5,1149,66,8,433,1,3,10,56,4,25,4,9,474,0,11,9,1
"2017","gob",5,1150,33,4,210,1,2,2,6,2,7,0,2,152,1,3,38,4
"2017","gob",5,1151,66,8,281,8,1,9,10,1,54,1,3,287,3,9,14,9
"2017","gob",5,1152,33,4,92,0,6,0,14,0,4,3,6,97,0,5,6,1
"2017","gob",5,1153,33,4,410,0,1,9,12,0,146,4,2,210,0,2,15,2
"2017","gob",5,1154,33,4,312,17,2,3,23,1,10,2,7,242,1,5,72,1
"2017","gob",5,1155,33,4,303,3,0,1,25,3,48,3,3,159,0,3,16,0
"2017","gob",5,1156,66,8,578,0,17,0,17,2,99,3,3,202,3,5,21,1
"2017","gob",5,1157,66,8,433,3,2,13,41,3,5,3,11,376,3,8,95,8
"2017","gob",5,1158,33,4,216,1,2,4,6,2,10,5,8,279,11,6,17,5
"2017","gob",5,1159,66,8,319,11,7,2,56,10,15,2,15,296,2,8,12,7
"2017","gob",5,1160,66,8,266,0,2,10,27,5,3,0,7,259,0,5,41,21
"2017","gob",5,1161,66,8,172,5,4,9,83,4,6,2,19,389,4,19,27,30
"2017","gob",5,1162,66,8,281,7,0,10,88,8,4,4,29,353,2,19,64,5
"2017","gob",5,1163,66,8,311,5,1,4,44,9,5,1,9,360,3,7,65,4
"2017","gob",5,1164,33,4,175,24,0,6,22,3,6,3,4,203,0,2,54,1
"2017","gob",5,1165,33,4,59,0,0,3,6,1,14,4,5,152,1,2,1,5
"2017","gob",5,1166,34,4,81,0,0,0,29,2,20,1,0,120,0,0,1,2
"2017","gob",5,1167,136,16,704,3,2,2,139,8,280,5,8,417,2,12,9,10
"2017","gob",5,1168,34,4,74,1,0,0,4,1,28,0,0,78,0,0,3,3
"2017","gob",5,1170,68,8,212,0,0,1,25,0,27,1,1,273,0,1,2,2
"2017","gob",5,1171,34,4,72,0,0,0,14,2,17,0,1,101,0,1,4,3
"2017","gob",5,1172,105,24,880,0,0,0,58,2,2,2,8,282,14,7,0,6
"2017","gob",5,1173,105,24,512,1,1,4,131,3,1,6,20,543,21,24,0,26
"2017","gob",5,1174,105,24,492,0,0,7,162,12,7,19,32,523,21,44,0,32
"2017","gob",5,1175,70,16,240,0,0,4,76,2,1,0,12,362,2,20,1,12
"2017","gob",5,1176,105,24,466,0,2,0,123,7,2,6,18,546,34,21,3,12
"2017","gob",5,1177,175,40,1200,0,0,9,166,8,2,9,13,568,8,32,10,13
"2017","gob",5,1178,70,16,182,2,0,1,67,1,0,1,12,330,20,10,0,13
"2017","gob",5,1179,105,24,354,1,1,4,95,9,1,4,40,696,8,24,3,18
"2017","gob",5,1180,245,56,890,2,6,4,311,11,5,30,52,1539,75,70,4,66
"2017","gob",5,1181,70,16,275,1,4,1,103,4,6,2,2,207,1,16,3,4
"2017","gob",5,1182,70,16,236,0,0,5,128,6,1,2,14,216,1,18,0,4
"2017","gob",5,1183,140,32,1212,0,1,2,69,3,1,3,6,362,21,16,0,15
"2017","gob",5,1184,455,104,3020,3,11,12,652,57,8,19,91,1613,18,117,9,64
"2017","gob",5,1185,70,16,233,0,0,1,73,5,2,2,55,363,1,15,2,13
"2017","gob",5,1186,70,16,135,0,1,2,92,2,4,3,22,243,8,10,0,16
"2017","gob",5,1187,70,16,434,0,0,0,50,3,0,0,4,115,2,7,0,4
"2017","gob",5,1188,70,18,370,0,1,2,79,2,4,0,6,184,0,11,0,7
"2017","gob",5,1189,70,18,263,1,0,4,82,8,1,1,9,323,0,17,0,0
"2017","gob",5,1190,70,18,242,0,1,1,84,3,1,4,12,378,3,25,2,4
"2017","gob",5,1191,70,16,241,0,0,5,70,6,1,1,10,153,1,16,0,3
"2017","gob",5,1192,70,16,338,0,0,4,85,5,1,2,13,281,5,15,0,7
"2017","gob",5,1193,105,27,752,0,2,2,175,21,0,0,24,345,0,37,2,8
"2017","gob",5,1194,70,18,373,1,0,0,108,4,2,0,5,186,3,14,2,4
"2017","gob",5,1195,70,18,326,0,0,1,93,3,0,1,12,263,0,15,0,8
"2017","gob",5,1196,70,18,322,0,3,1,73,10,1,0,8,243,0,17,0,7
"2017","gob",5,1197,70,18,339,2,0,1,85,4,0,0,9,309,0,26,1,4
"2017","gob",5,1198,70,18,239,0,0,1,76,6,1,1,10,276,0,19,1,6
"2017","gob",5,1199,70,18,313,1,0,1,76,7,0,0,5,237,0,13,2,5
"2017","gob",5,1200,70,18,592,0,0,0,22,1,0,0,1,94,1,1,0,1
"2017","gob",5,1201,70,16,301,2,0,1,68,4,0,0,37,244,4,20,1,4
"2017","gob",5,1202,70,16,182,0,0,5,93,8,3,2,19,310,4,13,0,6
"2017","gob",5,1203,70,18,307,0,0,1,79,3,1,1,19,162,1,13,1,2
"2017","gob",5,1204,70,18,470,1,0,3,54,1,6,1,6,143,0,6,0,0
"2017","gob",5,1205,70,18,481,0,0,0,50,2,1,0,5,110,0,10,2,0
"2017","gob",5,1206,70,18,489,1,1,0,48,2,0,0,3,131,2,9,2,4
"2017","gob",5,1207,70,18,600,0,0,0,19,0,0,0,0,79,0,7,3,1
"2017","gob",5,1208,70,18,265,0,1,2,99,6,1,0,6,275,1,13,0,1
"2017","gob",5,1209,70,18,396,0,1,1,94,0,0,2,13,311,9,24,4,9
"2017","gob",5,1210,70,18,402,0,3,1,119,14,1,1,3,339,0,12,1,3
"2017","gob",5,1211,35,9,139,0,0,0,30,4,0,0,7,184,2,8,1,8
"2017","gob",5,1212,35,9,199,1,0,0,51,0,0,0,3,210,0,16,0,29
"2017","gob",5,1213,70,18,431,0,1,0,83,3,1,1,11,219,5,14,1,6
"2017","gob",5,1214,70,18,503,0,0,1,71,4,1,0,9,190,0,7,0,3
"2017","gob",5,1215,70,18,513,0,1,2,55,3,5,2,5,158,0,11,2,4
"2017","gob",5,1216,35,9,276,0,2,0,45,8,0,0,2,147,1,14,2,2
"2017","gob",5,1217,35,9,282,0,0,0,25,2,1,0,2,72,0,4,0,2
"2017","gob",5,1218,70,18,593,0,1,0,52,0,0,0,10,123,1,8,2,1
"2017","gob",5,1219,70,18,420,0,0,2,13,1,0,0,1,70,0,6,0,1
"2017","gob",5,1220,70,18,289,4,0,0,53,3,0,0,7,219,0,17,0,4
"2017","gob",5,1221,70,18,238,1,0,0,66,1,1,1,4,218,1,12,0,2
"2017","gob",5,1222,70,18,318,0,2,1,65,4,3,1,5,158,0,18,0,2
"2017","gob",5,1223,70,18,196,0,0,1,50,3,1,0,0,163,2,9,1,2
"2017","gob",5,1224,70,18,274,0,1,1,61,4,2,2,9,220,0,20,3,3
"2017","gob",5,1225,35,9,192,0,0,0,50,0,1,0,3,151,5,11,0,3
"2017","gob",5,1226,35,9,124,0,0,1,33,1,1,0,3,97,0,6,0,5
"2017","gob",5,1227,70,18,533,0,0,0,47,1,1,0,1,117,0,4,1,1
"2017","gob",5,1228,70,18,432,0,1,1,50,4,0,0,7,96,0,10,1,0
"2017","gob",5,1229,35,9,183,0,1,0,67,18,0,1,13,230,0,8,1,0
"2017","gob",5,1230,35,9,197,0,0,0,45,0,4,2,7,201,0,5,1,3
"2017","gob",5,1231,35,9,167,0,0,0,48,4,3,1,1,101,0,9,1,1
"2017","gob",5,1232,70,18,391,0,0,0,51,12,2,0,3,111,0,11,0,2
"2017","gob",5,1233,70,18,363,0,0,0,61,3,2,0,2,123,0,10,0,3
"2017","gob",5,1234,35,9,216,0,0,0,41,6,1,0,5,89,0,7,1,1
"2017","gob",5,1235,35,9,198,0,0,0,29,1,0,0,4,71,0,6,1,2
"2017","gob",5,1236,35,9,169,0,0,0,36,4,1,0,2,121,0,11,0,3
"2017","gob",5,1237,35,9,195,0,3,5,38,2,0,0,1,109,0,6,0,2
"2017","gob",5,1238,35,9,163,0,0,0,50,1,0,0,2,105,0,3,0,1
"2017","gob",5,1239,35,9,205,0,2,0,51,1,0,3,2,121,2,5,0,2
"2017","gob",5,1240,35,9,194,1,0,0,50,0,1,1,7,137,0,18,1,2
"2017","gob",5,1241,35,9,208,0,1,0,57,2,1,0,3,106,0,9,0,3
"2017","gob",5,1242,70,18,207,0,0,1,55,1,1,0,5,150,0,13,0,2
"2017","gob",5,1243,35,9,200,0,0,0,36,2,0,1,2,116,0,6,0,0
"2017","gob",5,1244,35,9,150,0,3,0,22,9,1,0,3,116,0,3,0,1
"2017","gob",5,1245,35,9,184,0,1,1,61,1,0,0,4,153,0,6,1,1
"2017","gob",5,1246,35,9,192,0,0,0,55,4,3,1,5,133,0,10,2,2
"2017","gob",5,1247,70,18,291,0,2,1,86,12,0,0,2,237,0,13,1,2
"2017","gob",5,1248,70,18,266,3,2,0,103,2,1,5,17,291,1,9,2,15
"2017","gob",5,1249,35,9,197,0,0,0,48,3,3,0,6,167,0,12,0,1
"2017","gob",5,1250,35,9,183,0,0,1,48,3,0,0,8,216,1,10,1,10
"2017","gob",5,1251,35,9,99,0,1,0,37,2,0,1,3,175,0,6,0,10
"2017","gob",5,1252,35,9,133,0,1,0,66,2,0,3,5,215,0,12,0,4
"2017","gob",5,1253,70,18,181,0,0,3,56,5,1,4,9,260,0,13,0,4
"2017","gob",5,1254,70,18,247,0,0,0,72,2,1,1,7,244,0,15,3,4
"2017","gob",5,1255,35,9,138,0,1,2,34,5,1,0,5,145,0,8,0,1
"2017","gob",5,1256,35,9,127,1,1,0,56,5,1,1,2,133,1,8,1,5
"2017","gob",5,1257,70,18,228,1,0,3,76,2,1,2,10,337,1,14,0,10
"2017","gob",5,1258,105,27,338,1,3,0,163,7,7,0,10,438,4,28,8,10
"2017","gob",5,1259,70,18,269,0,0,0,90,8,1,0,11,246,1,13,1,7
"2017","gob",5,1261,70,18,344,0,1,1,96,3,2,0,12,382,1,14,2,10
"2017","gob",5,1262,35,9,96,0,0,1,30,2,0,1,5,271,0,10,0,8
"2017","gob",5,1263,35,9,161,2,0,2,48,0,0,0,6,281,0,6,1,9
"2017","gob",5,1264,70,18,254,0,3,1,91,3,1,0,10,341,0,12,0,7
"2017","gob",5,1265,35,9,148,0,0,1,55,1,2,1,6,186,2,7,1,1
"2017","gob",5,1266,70,18,249,1,1,6,119,7,5,5,11,500,1,30,0,15
"2017","gob",5,1267,70,18,208,0,3,1,79,3,1,2,6,341,1,22,0,12
"2017","gob",5,1268,35,9,130,0,1,0,43,0,1,1,3,86,0,6,0,0
"2017","gob",5,1269,35,9,121,0,0,0,48,3,0,1,5,243,1,8,1,5
"2017","gob",5,1270,70,18,129,1,0,2,49,3,0,0,11,262,0,16,1,8
"2017","gob",5,1271,70,18,230,0,0,0,67,4,1,0,26,306,0,19,1,12
"2017","gob",5,1272,70,18,141,0,0,0,36,3,0,1,8,322,3,4,0,5
"2017","gob",5,1273,70,18,171,2,1,1,53,8,3,0,8,222,1,16,0,5
"2017","gob",5,1274,70,18,154,0,1,5,54,2,0,0,3,291,1,6,1,6
"2017","gob",5,1275,70,18,233,0,0,1,67,2,2,2,10,276,0,14,1,9
"2017","gob",5,1276,70,18,160,0,1,6,56,3,1,5,9,378,0,25,2,9
"2017","gob",5,1277,70,18,96,1,0,0,52,0,0,1,11,396,1,10,0,9
"2017","gob",5,1278,35,9,106,2,0,0,25,5,0,5,7,294,0,6,1,1
"2017","gob",5,1279,35,9,86,0,0,1,25,1,0,1,5,215,0,5,1,4
"2017","gob",5,1280,35,9,62,1,0,0,26,0,0,0,4,146,0,8,0,3
"2017","gob",5,1281,35,9,62,0,1,2,19,0,0,0,6,158,0,6,2,1
"2017","gob",5,1282,35,9,133,1,0,0,30,0,1,1,2,119,0,8,1,5
"2017","gob",5,1283,70,18,180,0,0,2,69,1,0,0,5,300,0,8,0,3
"2017","gob",5,1284,35,9,52,0,0,0,18,0,0,3,3,174,1,1,0,5
"2017","gob",5,1285,35,9,116,1,1,1,46,3,4,0,7,264,0,6,0,2
"2017","gob",5,1286,35,9,82,0,0,0,32,1,0,0,4,135,0,5,0,1
"2017","gob",5,1287,70,18,149,0,0,0,44,4,0,3,5,274,0,8,0,6
"2017","gob",5,1288,35,9,39,0,0,0,10,0,0,0,4,133,0,6,0,1
"2017","gob",5,1289,35,9,54,0,0,0,14,0,0,1,2,157,0,4,1,1
"2017","gob",5,1290,35,9,66,0,1,0,20,0,1,0,2,173,0,5,0,3
"2017","gob",5,1291,35,9,110,1,1,2,31,0,0,0,3,297,0,7,0,4
"2017","gob",5,1292,35,9,81,0,0,1,26,0,0,1,1,247,0,2,0,3
"2017","gob",5,1293,35,9,79,0,0,0,29,0,1,0,9,165,0,9,0,1
"2017","gob",5,1294,35,9,94,0,0,0,20,3,0,2,6,347,1,7,3,1
"2017","gob",5,1295,35,9,60,2,1,0,16,3,1,0,2,295,2,9,1,0
"2017","gob",5,1296,35,9,73,0,0,2,10,1,1,0,4,223,3,5,0,2
"2017","gob",5,1297,35,9,61,0,0,0,24,3,1,0,2,211,0,9,0,2
"2017","gob",5,1298,35,9,98,0,0,0,48,0,1,0,5,231,1,16,0,6
"2017","gob",5,1299,35,9,72,0,0,0,30,2,0,0,2,222,0,6,0,6
"2017","gob",5,1300,35,9,111,0,1,1,43,2,0,2,7,295,0,2,0,14
"2017","gob",5,1301,35,9,100,0,0,0,35,10,0,0,8,214,1,5,0,3
"2017","gob",5,1302,35,9,108,1,0,0,40,2,1,0,2,190,0,6,0,3
"2017","gob",5,1303,35,9,68,0,0,0,22,4,0,0,4,222,1,4,0,5
"2017","gob",5,1304,35,9,86,0,1,0,24,0,0,0,7,166,0,6,1,3
"2017","gob",5,1305,35,9,46,0,0,0,10,2,2,0,6,168,0,4,0,3
"2017","gob",5,1306,35,9,99,0,1,2,26,1,1,1,6,237,1,2,2,3
"2017","gob",5,1307,35,9,76,0,0,1,35,0,0,0,3,305,0,11,0,8
"2017","gob",5,1308,35,9,111,1,0,0,30,3,4,0,5,254,0,10,2,1
"2017","gob",5,1309,70,18,160,0,1,0,40,0,1,1,3,582,0,10,1,7
"2017","gob",5,1310,560,128,2597,2,14,29,1092,70,31,21,121,2251,29,232,11,92
"2017","gob",5,1311,70,16,234,0,2,0,97,7,3,1,11,256,10,14,1,8
"2017","gob",5,1312,70,16,272,0,1,3,144,6,0,3,11,237,9,27,0,9
"2017","gob",5,1313,105,24,495,3,0,4,181,21,4,3,24,532,15,29,1,36
"2017","gob",5,1314,1260,288,4686,10,28,82,2116,122,65,44,234,4704,153,413,26,237
"2017","gob",5,1315,70,16,229,0,3,0,104,8,0,2,11,366,26,29,0,8
"2017","gob",5,1316,70,16,204,1,0,2,86,2,1,1,14,195,2,16,0,3
"2017","gob",5,1317,70,16,329,0,2,1,122,9,0,1,13,232,5,22,1,5
"2017","gob",5,1318,105,33,465,0,4,2,209,22,2,1,30,378,1,26,2,18
"2017","gob",5,1319,70,22,209,1,1,1,138,2,4,0,12,270,8,16,0,5
"2017","gob",5,1320,245,77,1206,5,3,2,488,43,18,3,76,987,1,75,6,13
"2017","gob",5,1321,70,22,155,0,1,0,81,2,3,6,6,286,0,12,3,10
"2017","gob",5,1322,105,33,386,1,4,3,164,11,1,7,21,511,3,21,2,38
"2017","gob",5,1323,105,33,291,0,2,2,129,4,6,6,20,458,2,13,2,30
"2017","gob",5,1324,70,22,206,4,3,0,96,5,2,1,8,349,1,15,1,8
"2017","gob",5,1325,70,18,203,1,0,4,76,6,6,2,4,314,1,19,1,20
"2017","gob",5,1326,70,18,228,0,0,0,88,14,4,1,12,283,0,22,1,7
"2017","gob",5,1327,70,18,161,0,1,2,89,0,1,1,9,316,1,17,2,5
"2017","gob",5,1328,70,18,230,0,2,0,92,5,0,4,6,214,0,19,2,10
"2017","gob",5,1329,70,18,169,0,0,9,74,5,0,4,5,530,1,30,3,26
"2017","gob",5,1330,70,18,218,1,2,3,73,4,0,3,13,308,0,17,0,9
"2017","gob",5,1331,70,18,244,0,0,0,59,6,4,10,8,254,2,15,0,13
"2017","gob",5,1332,70,18,271,0,0,1,113,6,2,13,12,310,2,21,0,11
"2017","gob",5,1333,70,18,249,0,2,0,74,9,0,1,10,192,1,12,0,3
"2017","gob",5,1334,35,9,188,0,0,2,58,2,0,1,12,148,1,14,0,3
"2017","gob",5,1335,35,9,127,0,1,0,23,2,0,0,4,94,0,18,1,1
"2017","gob",5,1336,70,18,200,1,4,3,69,1,3,3,11,285,0,21,1,10
"2017","gob",5,1337,70,18,175,2,1,2,60,5,1,5,9,236,1,26,1,18
"2017","gob",5,1338,70,18,219,2,3,3,85,8,2,3,8,308,2,22,0,18
"2017","gob",5,1339,70,18,275,0,0,1,86,6,2,3,7,242,0,14,0,14
"2017","gob",5,1340,70,18,222,0,1,0,71,7,1,1,5,311,1,16,1,3
"2017","gob",5,1341,70,18,190,0,1,5,99,6,1,13,11,298,1,24,1,37
"2017","gob",5,1342,70,18,181,0,1,2,58,4,2,9,11,359,1,21,0,20
"2017","gob",5,1343,70,18,247,0,3,4,80,8,3,3,21,483,3,17,1,19
"2017","gob",5,1344,70,18,119,0,1,2,57,0,3,2,12,317,2,23,0,5
"2017","gob",5,1345,70,18,195,0,0,2,65,3,3,2,20,382,2,21,2,10
"2017","gob",5,1346,70,18,249,2,0,1,92,3,2,4,11,407,1,18,2,10
"2017","gob",5,1347,70,22,192,2,1,1,77,0,3,1,11,349,3,28,2,6
"2017","gob",5,1348,70,22,239,0,1,2,100,4,1,2,17,341,1,30,2,13
"2017","gob",5,1349,70,22,245,1,2,0,133,4,2,0,25,319,5,35,4,13
"2017","gob",5,1350,490,154,2776,1,4,12,1027,76,19,13,95,1747,7,179,7,47
"2017","gob",5,1351,630,198,3506,3,36,9,1306,76,28,16,113,2443,17,258,15,90
"2017","gob",5,1352,140,44,418,0,7,14,162,14,6,10,28,600,8,37,2,35
"2017","gob",5,1353,105,33,391,1,4,2,132,7,1,3,17,385,2,41,5,14
"2017","gob",5,1354,525,165,2125,2,13,18,1044,78,22,14,99,2156,20,190,7,90
"2017","gob",5,1355,70,22,239,0,0,0,72,1,3,2,9,333,0,29,1,11
"2017","gob",5,1356,70,22,231,0,3,2,80,3,0,2,7,266,1,23,2,13
"2017","gob",5,1357,35,11,193,1,1,1,57,5,1,0,11,211,0,20,0,4
"2017","gob",5,1358,70,22,213,0,0,1,94,7,0,3,9,320,3,22,0,3
"2017","gob",5,1359,105,33,493,0,19,0,173,3,2,2,13,597,6,31,3,28
"2017","gob",5,1360,525,165,3293,4,9,2,822,61,8,22,70,2374,10,158,10,59
"2017","gob",5,1361,105,33,473,1,0,2,165,11,3,5,22,586,1,29,2,15
"2017","gob",5,1362,70,22,415,0,0,1,150,12,0,1,15,250,0,21,0,9
"2017","gob",5,1363,70,22,259,1,2,2,97,4,0,1,16,444,7,19,1,17
"2017","gob",5,1364,70,22,314,0,0,0,64,3,0,2,6,166,0,10,2,3
"2017","gob",5,1365,350,110,1877,2,11,7,692,51,12,4,48,1683,6,81,14,37
"2017","gob",5,1366,70,22,313,1,0,0,78,11,2,1,7,172,2,13,1,3
"2017","gob",5,1367,70,18,381,0,0,0,127,16,0,0,14,286,1,23,2,7
"2017","gob",5,1368,70,18,338,1,0,0,109,11,0,2,5,247,4,15,1,8
"2017","gob",5,1369,70,18,235,0,2,1,85,6,0,0,7,182,2,10,0,2
"2017","gob",5,1370,35,9,175,0,0,1,54,2,0,0,3,100,0,11,0,0
"2017","gob",5,1371,35,9,161,0,0,0,57,4,1,0,0,167,1,8,1,1
"2017","gob",5,1372,35,9,189,0,0,1,71,3,3,1,8,124,0,6,0,3
"2017","gob",5,1373,70,18,218,0,0,1,77,3,0,6,9,167,1,9,0,5
"2017","gob",5,1374,70,18,342,0,4,0,94,10,1,0,7,153,1,17,1,6
"2017","gob",5,1375,70,18,209,0,0,1,66,8,0,1,7,181,2,16,1,3
"2017","gob",5,1376,70,18,372,0,0,0,60,2,0,0,3,137,2,10,0,2
"2017","gob",5,1377,70,18,325,0,0,0,100,8,2,2,10,223,0,13,1,2
"2017","gob",5,1378,70,18,295,1,0,0,84,3,2,0,5,186,2,12,3,10
"2017","gob",5,1379,35,10,238,0,0,0,45,4,0,4,4,101,0,6,0,1
"2017","gob",5,1380,70,18,454,0,1,0,49,5,3,1,2,150,0,17,1,4
"2017","gob",5,1381,70,20,361,0,0,2,49,5,1,3,4,155,0,12,2,2
"2017","gob",5,1382,210,66,1271,2,2,2,296,23,9,1,22,832,4,50,4,18
"2017","gob",5,1383,105,33,337,0,2,1,183,11,0,2,10,531,4,30,0,22
"2017","gob",5,1384,105,33,574,1,1,1,199,3,2,3,15,440,26,38,2,11
"2017","gob",5,1385,70,22,245,0,1,0,75,7,0,1,5,155,0,9,0,4
"2017","gob",5,1386,70,22,330,0,2,3,156,4,0,2,10,313,1,27,1,5
"2017","gob",5,1387,70,22,207,0,0,2,80,1,4,0,10,328,2,18,5,6
"2017","gob",5,1388,140,44,1179,1,1,2,183,18,3,2,14,360,1,41,1,4
"2017","gob",5,1389,35,11,214,1,0,0,63,6,0,0,4,132,0,6,0,1
"2017","gob",5,1390,70,22,259,0,0,2,112,18,0,0,9,198,0,12,1,5
"2017","gob",5,1391,70,20,687,0,0,1,36,1,1,0,1,120,3,9,1,5
"2017","gob",5,1392,70,20,542,0,0,1,40,0,0,0,0,84,0,4,1,3
"2017","gob",5,1393,70,20,687,0,0,1,32,1,0,0,2,109,0,13,0,3
"2017","gob",5,1394,35,9,196,0,2,1,51,5,0,0,4,102,0,6,0,2
"2017","gob",5,1395,70,20,530,0,0,0,29,3,5,0,0,111,0,5,0,6
"2017","gob",5,1396,35,9,120,0,0,1,49,2,2,0,9,134,0,6,1,6
"2017","gob",5,1397,70,20,296,0,2,1,80,3,14,4,8,251,3,25,0,4
"2017","gob",5,1398,70,20,509,0,2,0,93,7,2,1,18,201,0,17,0,7
"2017","gob",5,1399,70,20,383,0,1,1,67,21,1,0,6,238,1,13,1,5
"2017","gob",5,1400,70,20,416,0,0,0,25,0,0,0,1,101,0,6,1,3
"2017","gob",5,1401,70,20,375,0,1,0,60,5,0,0,0,103,0,15,1,4
"2017","gob",5,1402,70,20,596,0,1,3,41,3,0,0,4,119,0,10,2,9
"2017","gob",5,1403,70,20,755,0,0,1,55,2,0,0,2,121,0,4,0,5
"2017","gob",5,1404,70,20,369,0,0,1,49,2,0,1,1,115,0,14,1,3
"2017","gob",5,1405,70,20,575,2,0,1,77,4,0,0,3,140,0,16,1,8
"2017","gob",5,1406,70,20,678,1,0,1,74,2,3,0,4,147,0,19,0,5
"2017","gob",5,1407,140,40,994,0,0,0,176,21,2,0,11,327,0,29,5,1
"2017","gob",5,1408,70,20,487,0,0,0,85,6,1,0,6,145,0,10,1,1
"2017","gob",5,1410,105,30,292,0,2,6,119,2,4,0,15,424,2,29,1,33
"2017","gob",5,1412,70,20,342,0,1,2,116,4,1,1,11,281,4,26,0,8
"2017","gob",5,1413,70,20,396,1,5,1,108,5,2,0,13,180,1,16,2,9
"2017","gob",5,1414,70,20,344,0,0,1,134,9,0,3,6,287,2,22,2,12
"2017","gob",5,1415,70,20,301,0,0,0,103,10,1,0,7,209,7,18,0,9
"2017","gob",5,1416,70,20,269,0,1,0,112,4,6,1,5,155,0,18,0,8
"2017","gob",5,1417,70,20,366,0,1,3,66,6,2,0,4,157,2,18,1,2
"2017","gob",5,1418,70,20,410,0,0,0,73,6,0,1,11,187,1,25,0,3
"2017","gob",5,1419,70,20,339,0,1,0,80,3,0,3,9,134,3,11,0,1
"2017","gob",5,1420,70,20,396,1,1,1,105,13,1,1,10,230,5,14,0,7
"2017","gob",5,1421,70,20,244,0,0,2,74,5,1,0,4,198,1,14,0,5
"2017","gob",5,1422,70,20,347,0,2,0,102,1,0,0,4,151,0,15,3,1
"2017","gob",5,1423,70,20,498,0,0,1,93,16,0,0,4,217,0,18,0,4
"2017","gob",5,1424,70,20,238,0,3,1,70,3,1,0,5,218,3,14,1,8
"2017","gob",5,1425,70,20,271,0,1,3,130,5,3,3,12,316,0,30,1,22
"2017","gob",5,1426,70,20,167,1,2,3,78,4,0,0,6,338,5,22,1,16
"2017","gob",5,1427,70,20,206,2,2,2,96,3,1,3,9,386,1,25,0,10
"2017","gob",5,1428,70,20,307,1,13,0,91,2,1,0,7,214,1,16,2,9
"2017","gob",5,1429,70,20,222,1,3,0,98,5,3,1,14,367,4,21,2,21
"2017","gob",5,1430,105,30,281,3,2,1,147,3,2,1,16,395,8,33,0,14
"2017","gob",5,1431,70,20,178,0,1,3,68,3,6,4,7,330,0,25,0,8
"2017","gob",5,1432,70,20,158,2,0,2,100,2,1,0,11,297,1,21,0,21
"2017","gob",5,1433,70,20,188,0,0,3,104,2,3,1,16,289,3,20,2,9
"2017","gob",5,1434,70,20,219,1,1,0,95,3,1,0,5,168,0,16,1,9
"2017","gob",5,1435,35,10,141,65,0,1,1,0,0,0,6,322,1,13,1,7
"2017","gob",5,1436,35,10,17,0,0,0,7,0,0,0,0,68,1,1,0,7
"2017","gob",5,1437,35,10,54,0,0,0,25,1,0,0,5,122,3,4,0,2
"2017","gob",5,1438,70,20,170,1,2,2,72,1,0,0,9,238,2,12,2,9
"2017","gob",5,1439,70,20,149,0,0,5,79,2,0,1,4,258,0,14,0,5
"2017","gob",5,1440,70,20,120,1,0,1,82,2,2,3,3,223,2,13,0,5
"2017","gob",5,1441,35,10,126,0,0,4,89,0,0,1,8,151,0,17,1,3
"2017","gob",5,1442,70,20,223,1,1,4,84,1,1,1,7,364,1,28,3,34
"2017","gob",5,1443,35,10,120,1,0,0,62,9,0,0,2,218,0,15,0,12
"2017","gob",5,1444,70,20,137,0,0,2,76,2,5,4,3,301,2,24,1,19
"2017","gob",5,1445,140,40,364,3,4,6,174,4,8,3,19,728,1,38,3,15
"2017","gob",5,1446,105,30,332,3,3,7,118,3,14,3,12,511,2,32,3,16
"2017","gob",5,1447,70,20,167,0,2,1,113,19,3,4,11,266,1,26,0,6
"2017","gob",5,1448,70,20,213,0,0,1,100,4,0,3,11,197,2,17,0,7
"2017","gob",5,1449,105,30,276,2,4,6,144,4,3,10,28,631,3,41,3,41
"2017","gob",5,1450,70,20,187,0,2,0,59,3,0,2,7,271,3,14,1,6
"2017","gob",5,1451,70,20,281,0,0,0,131,6,0,4,14,324,1,28,1,4
"2017","gob",5,1452,70,20,211,0,0,1,105,2,2,1,7,252,11,26,2,3
"2017","gob",5,1453,70,20,199,0,1,0,110,2,2,1,2,275,1,14,1,8
"2017","gob",5,1454,70,20,254,0,0,0,117,0,0,1,8,232,2,30,1,6
"2017","gob",5,1455,70,20,219,0,0,0,109,1,0,0,9,299,1,23,2,19
"2017","gob",5,1456,175,50,385,1,3,4,294,8,6,2,34,756,3,59,1,15
"2017","gob",5,1457,35,10,41,0,0,2,29,1,0,1,0,134,1,3,0,2
"2017","gob",5,1458,35,10,60,0,1,1,45,3,0,0,5,113,0,0,0,2
"2017","gob",5,1459,105,24,475,7,1,11,152,12,3,20,31,564,36,26,5,4
"2017","gob",5,1460,105,24,492,2,2,11,96,20,22,4,10,696,4,28,3,32
"2017","gob",5,1461,280,64,2210,1,6,8,303,40,14,5,30,948,38,61,6,26
"2017","gob",5,1462,140,32,617,2,2,9,111,14,3,14,58,944,23,22,6,69
"2017","gob",5,1463,70,16,338,2,1,3,153,4,4,2,39,478,6,25,2,22
"2017","gob",5,1464,105,24,466,0,0,12,142,7,6,16,46,731,20,26,4,79
"2017","gob",5,1465,105,24,311,0,1,2,72,4,2,4,100,469,10,19,1,12
"2017","gob",5,1466,315,72,1232,0,4,13,318,22,8,9,166,1326,61,63,3,98
"2017","gob",5,1467,105,24,380,0,1,8,116,2,2,3,29,684,74,14,5,33
"2017","gob",5,1468,70,20,148,0,1,4,71,3,1,0,41,366,3,19,2,35
"2017","gob",5,1469,980,308,3654,17,19,38,1322,57,46,81,140,3906,30,291,14,182
"2017","gob",5,1470,70,16,413,0,1,0,18,19,175,0,6,689,1,4,1,1
"2017","gob",5,1471,35,8,36,66,0,0,5,17,0,1,0,418,0,0,1,1
"2017","gob",5,1472,35,8,175,0,0,1,8,24,55,2,17,210,0,0,1,1
"2017","gob",5,1473,35,8,158,1,0,0,8,10,39,1,1,291,2,0,1,2
"2017","gob",5,1474,35,8,46,0,0,0,1,1,1,0,0,139,0,0,0,0
"2017","gob",5,1475,72,14,450,2,0,21,22,20,115,9,8,523,3,8,0,8
"2017","gob",5,1476,72,14,646,5,2,13,21,16,183,14,4,532,0,2,3,2
"2017","gob",5,1477,36,7,94,0,0,0,25,11,17,25,9,174,0,1,2,2
"2017","gob",5,1478,36,7,248,2,0,2,18,2,84,26,2,281,0,1,10,2
"2017","gob",5,1479,36,7,197,3,1,21,31,2,53,18,22,287,12,1,10,1
"2017","gob",5,1480,36,7,96,0,0,30,24,0,9,37,1,310,0,1,23,1
"2017","gob",5,1481,36,7,162,1,0,8,8,2,40,11,4,156,0,0,18,1
"2017","gob",5,1482,36,7,67,0,0,10,26,2,13,34,7,256,0,0,6,1
"2017","gob",5,1483,36,7,72,3,0,26,18,3,11,24,5,218,0,1,2,6
"2017","gob",5,1484,72,14,263,0,0,6,50,14,40,19,31,369,0,4,28,1
"2017","gob",5,1485,72,14,295,1,1,6,42,4,51,15,30,362,1,6,34,4
"2017","gob",5,1486,36,7,39,1,1,52,7,1,13,1,5,220,1,1,0,2
"2017","gob",5,1488,36,7,61,0,0,14,26,0,24,22,0,111,2,0,1,0
"2017","gob",5,1489,36,7,217,3,1,6,15,0,46,32,23,269,0,1,30,0
"2017","gob",5,1490,72,14,353,6,0,75,21,6,136,13,8,805,3,12,2,7
"2017","gob",5,1491,108,21,620,3,2,27,62,4,256,73,69,638,2,3,3,8
"2017","gob",5,1492,72,14,398,4,4,13,75,12,161,42,101,365,0,10,4,1
"2017","gob",5,1493,36,7,239,3,1,17,31,11,79,47,24,362,0,2,4,2
"2017","gob",5,1494,36,7,58,0,0,0,0,0,24,1,3,65,1,2,0,1
"2017","gob",5,1495,36,7,52,0,0,1,0,0,24,1,0,52,0,0,0,0
"2017","gob",5,1496,36,7,84,0,0,2,2,1,23,0,2,61,0,0,0,2
"2017","gob",5,1497,36,7,210,1,0,3,1,0,86,2,4,159,0,1,2,0
"2017","gob",5,1498,37,5,159,0,0,1,32,1,0,1,27,150,1,1,6,0
"2017","gob",5,1499,74,10,167,0,0,0,41,0,0,0,20,187,1,1,5,1
"2017","gob",5,1500,74,10,230,1,0,1,25,1,1,2,26,184,0,4,9,0
"2017","gob",5,1501,37,5,143,0,1,2,25,3,0,0,18,134,0,0,4,1
"2017","gob",5,1502,74,10,243,1,0,2,32,3,1,3,41,304,1,3,4,3
"2017","gob",5,1503,37,5,38,0,0,1,17,0,1,0,16,57,0,3,0,1
"2017","gob",5,1505,37,5,85,0,0,1,7,1,0,1,8,123,0,1,1,0
"2017","gob",5,1506,76,2,395,0,0,10,30,3,1,1,95,261,2,3,4,2
"2017","gob",5,1507,114,3,439,0,2,4,53,6,0,2,114,349,5,3,8,1
"2017","gob",5,1508,76,2,242,1,0,3,18,5,2,2,78,209,1,2,8,0
"2017","gob",5,1509,38,1,212,0,0,2,16,2,0,1,33,112,0,2,6,0
"2017","gob",5,1510,76,2,227,0,0,4,26,5,1,1,55,239,2,4,3,0
"2017","gob",5,1511,38,1,150,0,2,0,21,2,0,0,34,170,2,0,3,1
"2017","gob",5,1512,76,2,208,0,2,4,17,2,1,1,41,186,1,1,14,5
"2017","gob",5,1513,76,2,281,0,2,5,55,10,0,1,114,260,3,1,4,0
"2017","gob",5,1515,38,1,92,2,0,11,1,0,1,1,19,75,0,2,4,2
"2017","gob",5,1516,38,1,71,0,1,1,4,6,0,1,66,126,0,4,7,0
"2017","gob",5,1517,38,1,61,0,0,2,3,2,0,0,15,36,1,1,3,0
"2017","gob",5,1518,38,1,39,0,0,1,6,0,0,0,23,32,1,1,1,0
"2017","gob",5,1520,38,1,187,0,0,5,15,3,1,0,51,111,0,7,3,0
"2017","gob",5,1521,35,10,287,0,0,1,38,2,0,0,3,62,0,8,2,0
"2017","gob",5,1522,35,10,155,0,0,1,42,3,1,2,6,142,1,11,1,0
"2017","gob",5,1523,70,20,397,0,0,2,58,7,5,0,4,121,0,18,1,1
"2017","gob",5,1524,35,10,274,0,0,0,43,3,0,1,5,63,0,8,1,1
"2017","gob",5,1525,35,10,217,3,1,0,75,0,0,0,2,118,0,12,2,7
"2017","gob",5,1526,70,20,372,0,0,0,108,11,2,0,8,167,0,17,3,1
"2017","gob",5,1527,35,10,183,1,1,1,80,5,0,0,9,166,0,20,1,8
"2017","gob",5,1528,70,20,202,4,6,1,73,1,2,2,8,202,1,4,1,1
"2017","gob",5,1529,70,20,284,0,4,3,50,10,4,5,4,251,0,24,0,9
"2017","gob",5,1530,70,20,279,1,0,0,94,1,1,3,9,213,1,23,1,5
"2017","gob",5,1531,70,20,180,1,1,1,106,2,0,1,9,144,2,14,2,7
"2017","gob",5,1532,70,20,205,0,0,0,72,2,1,0,4,215,1,9,1,1
"2017","gob",5,1533,70,20,200,0,1,2,77,3,0,0,9,196,1,14,2,0
"2017","gob",5,1534,70,20,175,1,2,0,93,3,0,0,8,220,0,16,0,7
"2017","gob",5,1535,70,20,246,0,0,2,69,8,1,0,11,202,0,21,2,6
"2017","gob",5,1536,35,10,157,4,0,1,66,2,2,0,12,156,1,18,0,2
"2017","gob",5,1537,70,20,198,0,0,0,108,11,1,1,8,226,4,16,0,2
"2017","gob",5,1538,70,20,212,0,2,0,114,1,1,1,6,202,0,24,1,7
"2017","gob",5,1539,35,10,48,0,0,0,31,1,1,0,2,79,0,3,0,2
"2017","gob",5,1540,70,20,261,6,3,0,123,6,2,0,8,267,0,27,1,9
"2017","gob",5,1541,35,10,103,0,0,0,53,3,1,1,4,140,0,7,0,2
"2017","gob",5,1542,35,10,104,0,1,0,44,0,0,2,5,159,1,4,0,6
"2017","gob",5,1543,35,10,193,1,1,0,78,3,0,1,6,170,1,11,1,3
"2017","gob",5,1544,35,10,99,0,0,0,52,2,3,1,3,85,0,14,0,3
"2017","gob",5,1545,35,10,207,0,0,2,54,3,0,0,7,103,2,11,1,6
"2017","gob",5,1546,105,30,201,5,2,4,105,1,1,4,13,793,2,18,1,23
"2017","gob",5,1547,70,20,254,1,0,1,119,7,0,1,7,199,1,24,1,3
"2017","gob",5,1548,50,4,184,0,1,1,40,2,0,0,5,202,2,10,2,5
"2017","gob",5,1549,25,2,88,0,1,4,37,1,0,2,4,131,2,11,1,0
"2017","gob",5,1550,75,6,270,1,2,4,101,7,2,3,13,254,3,14,8,12
"2017","gob",5,1551,25,2,94,0,0,1,20,3,0,0,3,71,0,5,2,1
"2017","gob",5,1552,50,4,175,1,1,2,57,7,1,4,6,227,1,3,3,11
"2017","gob",5,1553,50,4,139,0,0,2,34,2,1,4,6,171,0,3,3,4
"2017","gob",5,1554,50,4,224,0,3,2,49,4,2,0,8,234,3,7,10,5
"2017","gob",5,1555,50,4,166,0,2,1,78,4,1,1,4,272,1,6,3,5
"2017","gob",5,1556,25,2,87,0,1,2,39,1,0,0,1,98,0,3,2,4
"2017","gob",5,1557,25,2,113,1,3,3,43,3,0,1,6,137,1,6,3,2
"2017","gob",5,1558,25,2,112,0,2,1,44,2,1,0,4,118,1,5,3,7
"2017","gob",5,1559,50,4,150,0,4,3,63,10,2,0,7,246,3,9,4,4
"2017","gob",5,1560,50,4,201,0,1,1,50,1,0,1,6,218,1,6,6,9
"2017","gob",5,1561,50,4,191,1,1,1,48,6,3,1,7,235,5,12,0,6
"2017","gob",5,1562,25,2,122,1,1,2,39,8,4,1,6,193,2,7,0,6
"2017","gob",5,1563,50,4,143,3,2,1,46,4,1,1,6,193,3,10,4,8
"2017","gob",5,1564,50,4,178,0,5,2,43,5,0,1,6,203,6,7,3,7
"2017","gob",5,1565,50,4,167,1,8,2,51,5,1,0,6,218,1,7,2,4
"2017","gob",5,1566,50,4,203,1,6,2,90,2,1,1,9,163,2,7,3,7
"2017","gob",5,1567,50,4,148,1,1,5,31,1,1,1,8,210,2,11,3,3
"2017","gob",5,1568,12,12,158,0,9,3,64,3,1,1,48,182,0,6,1,6
"2017","gob",5,1569,6,6,185,1,7,1,55,1,1,1,56,236,0,3,3,5
"2017","gob",5,1570,12,12,208,0,35,0,25,4,0,1,28,240,0,9,7,13
"2017","gob",5,1571,35,10,60,0,0,1,21,4,0,0,1,94,1,2,1,4
"2017","gob",5,1572,35,10,91,0,1,1,38,1,1,0,6,201,0,6,1,7
"2017","gob",5,1573,35,10,161,0,0,1,44,1,0,0,4,67,0,12,1,2
"2017","gob",5,1574,35,10,167,0,0,0,59,3,0,3,4,108,0,18,2,2
"2017","gob",5,1575,35,10,128,0,0,2,63,3,1,1,7,92,0,11,1,1
"2017","gob",5,1576,35,10,125,0,1,1,43,18,0,0,6,141,0,4,0,5
"2017","gob",5,1577,35,10,191,0,2,0,84,6,1,1,3,170,1,12,0,2
"2017","gob",5,1578,35,10,97,1,0,0,40,1,2,0,1,163,0,8,0,5
"2017","gob",5,1579,35,10,114,0,0,1,46,0,7,2,3,162,2,12,2,5
"2017","gob",5,1580,35,10,54,16,0,0,0,0,0,1,3,116,0,4,0,2
"2017","gob",5,1581,35,10,79,0,0,0,36,1,1,1,2,167,2,13,1,4
"2017","gob",5,1582,35,10,56,0,0,0,29,1,1,0,2,133,2,3,0,2
"2017","gob",5,1583,70,20,237,2,0,0,89,8,2,1,5,207,0,17,0,5
"2017","gob",5,1584,35,10,62,0,1,1,53,0,0,0,5,156,1,10,1,8
"2017","gob",5,1585,35,10,77,1,0,1,26,0,1,1,3,116,4,10,1,6
"2017","gob",5,1586,35,10,74,1,1,0,51,2,0,0,6,139,2,10,0,7
"2017","gob",5,1587,35,10,80,0,1,0,34,2,7,1,2,121,1,9,1,8
"2017","gob",5,1588,35,10,52,0,0,0,21,0,2,0,4,96,0,6,0,4
"2017","gob",5,1589,35,10,58,0,0,0,26,0,2,0,4,122,1,5,0,9
"2017","gob",5,1590,35,10,88,0,0,1,37,2,0,2,3,128,1,10,0,6
"2017","gob",5,1591,35,10,73,0,0,1,50,0,1,0,1,141,0,10,0,4
"2017","gob",5,1592,35,10,56,0,0,0,18,2,0,1,8,165,0,4,0,2
"2017","gob",5,1593,35,10,84,0,0,0,45,5,3,3,9,197,1,9,3,2
"2017","gob",5,1594,35,10,30,0,0,2,12,1,2,0,1,142,0,3,0,2
"2017","gob",5,1595,35,10,99,0,0,0,31,3,17,1,6,141,1,8,0,2
"2017","gob",5,1596,35,10,34,0,0,1,12,2,0,1,0,177,0,2,1,3
"2017","gob",5,1597,35,10,57,1,0,5,24,0,2,2,6,258,0,8,1,17
"2017","gob",5,1598,35,10,74,0,0,3,36,0,0,6,6,238,1,13,1,5
"2017","gob",5,1599,35,10,26,1,0,1,11,0,2,1,2,200,0,5,0,7
"2017","gob",5,1600,35,10,36,0,0,3,9,1,2,1,3,158,0,7,0,1
"2017","gob",5,1601,35,10,30,0,0,0,6,0,1,0,3,136,1,3,1,2
"2017","gob",5,1602,35,10,39,0,1,2,15,0,3,2,0,189,0,6,0,4
"2017","gob",5,1603,35,10,16,0,0,3,16,0,0,0,3,164,1,3,0,0
"2017","gob",5,1604,35,10,41,0,0,3,24,2,0,0,3,205,0,5,0,0
"2017","gob",5,1605,35,10,38,1,0,2,11,2,0,3,2,146,0,9,1,3
"2017","gob",5,1606,35,10,29,0,1,1,27,1,1,1,2,135,0,8,0,2
"2017","gob",5,1607,35,10,27,0,0,3,13,0,0,1,4,137,0,2,1,3
"2017","gob",5,1608,35,10,7,0,0,3,5,0,0,0,1,109,0,1,0,1
"2017","gob",5,1609,35,10,16,0,0,0,11,0,0,0,0,128,0,4,0,0
"2017","gob",5,1610,35,10,17,0,0,0,7,1,0,2,0,187,0,0,0,6
"2017","gob",5,1611,60,28,189,2,2,8,97,14,1,1,12,269,1,14,1,15
"2017","gob",5,1612,30,14,72,0,3,5,42,3,1,0,7,100,0,2,0,3
"2017","gob",5,1613,30,14,95,9,4,4,64,4,3,1,10,185,1,6,1,4
"2017","gob",5,1614,30,14,118,0,1,2,68,9,0,0,6,104,1,2,2,1
"2017","gob",5,1615,30,14,95,0,5,7,54,4,0,0,7,176,0,4,1,5
"2017","gob",5,1616,30,14,82,0,1,6,62,3,0,2,6,115,0,8,0,4
"2017","gob",5,1617,30,14,52,0,1,6,24,2,1,1,4,70,0,3,1,1
"2017","gob",5,1618,30,14,104,0,3,9,53,7,1,0,7,157,0,7,6,5
"2017","gob",5,1619,60,28,122,1,3,4,62,2,1,0,5,186,1,9,1,7
"2017","gob",5,1620,30,14,75,0,4,20,56,2,0,0,9,162,2,0,3,0
"2017","gob",5,1621,30,14,81,1,3,3,80,0,0,2,3,198,2,7,0,5
"2017","gob",5,1622,60,28,133,1,5,4,114,13,0,0,8,247,5,8,0,6
"2017","gob",5,1623,60,28,210,2,5,4,120,5,0,0,12,145,1,7,4,2
"2017","gob",5,1624,30,14,93,0,11,7,50,0,0,0,8,113,0,3,0,4
"2017","gob",5,1625,60,28,163,1,3,12,86,3,1,2,9,194,2,4,0,9
"2017","gob",5,1626,60,28,123,1,2,19,99,4,0,0,10,246,3,13,0,11
"2017","gob",5,1627,30,14,40,2,2,5,28,1,0,0,2,110,1,4,0,2
"2017","gob",5,1628,30,14,40,0,1,2,32,0,0,0,3,105,0,3,0,0
"2017","gob",5,1629,30,14,117,4,5,10,76,6,0,3,8,200,0,7,9,12
"2017","gob",5,1630,60,28,164,3,5,4,70,5,4,0,17,196,1,10,0,5
"2017","gob",5,1631,30,14,79,0,2,9,42,3,0,0,10,97,1,3,4,2
"2017","gob",5,1632,30,14,83,0,1,2,55,4,1,0,2,90,1,8,5,3
"2017","gob",5,1633,60,28,77,4,3,6,66,4,0,1,9,195,1,2,0,3
"2017","gob",5,1634,60,28,101,0,4,18,50,5,1,0,4,223,1,6,0,7
"2017","gob",5,1635,60,28,125,1,6,5,66,4,0,2,11,221,1,9,1,6
"2017","gob",5,1636,150,70,279,10,7,57,193,8,0,2,10,504,3,17,1,19
"2017","gob",5,1637,60,28,98,2,5,6,73,5,0,0,5,212,2,7,0,3
"2017","gob",5,1638,30,14,52,0,0,7,50,4,0,0,3,163,3,4,1,3
"2017","gob",5,1639,60,28,96,3,8,11,38,1,0,0,7,189,0,11,0,3
"2017","gob",5,1640,30,14,51,0,2,5,38,0,0,0,3,110,0,0,0,2
"2017","gob",5,1641,60,28,80,2,2,9,47,6,0,0,5,177,0,8,0,0
"2017","gob",5,1642,30,16,173,0,9,4,34,10,0,0,4,72,0,1,0,1
"2017","gob",5,1643,30,16,48,0,0,6,39,2,1,0,4,142,0,2,0,3
"2017","gob",5,1644,30,16,72,1,6,3,44,2,0,0,7,144,0,2,1,2
"2017","gob",5,1645,30,16,211,0,6,7,65,7,0,2,11,175,0,4,1,5
"2017","gob",5,1646,30,16,55,1,2,9,97,4,0,0,7,188,0,4,0,4
"2017","gob",5,1647,30,16,52,0,6,4,41,3,0,1,3,123,1,1,0,1
"2017","gob",5,1648,30,16,41,1,1,3,20,0,0,0,6,141,0,3,1,3
"2017","gob",5,1649,30,16,59,1,0,5,65,2,0,0,4,165,0,8,0,4
"2017","gob",5,1650,30,16,56,0,3,3,35,1,0,0,4,147,0,4,0,2
"2017","gob",5,1651,30,16,49,0,1,3,44,2,0,1,6,125,0,3,2,4
"2017","gob",5,1652,30,16,169,0,2,2,79,9,0,0,16,150,1,2,1,6
"2017","gob",5,1653,30,16,63,0,0,1,28,2,0,0,6,127,0,1,0,3
"2017","gob",5,1654,30,16,257,2,1,4,52,5,0,1,5,106,1,3,2,1
"2017","gob",5,1655,30,16,90,0,3,1,45,2,0,1,4,105,1,1,0,3
"2017","gob",5,1656,30,16,213,0,5,2,77,14,0,1,8,135,0,0,2,2
"2017","gob",5,1657,60,32,219,2,2,5,102,12,0,0,6,137,0,5,0,3
"2017","gob",5,1658,30,16,111,0,3,3,72,1,0,0,4,140,0,8,0,4
"2017","gob",5,1659,60,32,352,0,2,2,139,11,0,1,12,130,0,7,7,2
"2017","gob",5,1660,60,32,178,0,4,4,88,20,0,0,9,205,3,7,2,4
"2017","gob",5,1661,30,16,152,0,3,2,69,2,0,2,3,188,3,5,4,8
"2017","gob",5,1662,30,16,62,0,5,2,52,5,0,0,8,175,0,4,0,2
"2017","gob",5,1663,30,16,88,1,5,5,69,0,1,2,12,164,0,0,2,5
"2017","gob",5,1664,30,16,82,0,6,3,72,4,0,0,10,167,1,3,0,6
"2017","gob",5,1665,30,16,45,0,1,1,44,10,2,1,10,128,1,2,0,1
"2017","gob",5,1666,90,48,158,4,5,9,141,4,3,1,10,356,1,12,1,11
"2017","gob",5,1667,30,16,58,1,1,4,39,0,0,1,8,140,0,3,0,3
"2017","gob",5,1668,30,16,72,2,4,6,69,6,2,0,13,190,0,4,2,4
"2017","gob",5,1669,30,16,64,3,2,6,67,4,1,1,7,203,1,2,1,3
"2017","gob",5,1670,60,32,102,0,4,6,71,2,0,1,8,194,0,8,2,8
"2017","gob",5,1671,30,16,86,2,1,5,55,2,2,0,15,129,0,3,0,5
"2017","gob",5,1672,30,16,59,1,0,5,65,2,0,0,4,165,0,8,0,4
"2017","gob",5,1673,30,16,54,3,2,4,35,3,0,0,8,134,2,4,0,2
"2017","gob",5,1674,30,16,50,2,3,9,57,5,0,2,6,182,1,4,0,1
"2017","gob",5,1675,30,16,56,0,5,11,45,3,0,1,2,161,0,6,1,3
"2017","gob",5,1676,120,64,236,11,19,25,169,16,1,4,30,736,2,17,3,18
"2017","gob",5,1677,30,16,51,0,3,11,43,0,0,0,3,186,0,4,0,2
"2017","gob",5,1678,30,16,48,2,5,9,24,3,0,0,2,157,2,8,0,3
"2017","gob",5,1679,30,16,57,3,2,15,58,4,0,2,10,232,1,6,1,1
"2017","gob",5,1680,60,32,112,3,6,9,71,0,0,0,8,196,0,13,0,6
"2017","gob",5,1681,30,16,84,3,7,4,42,4,0,0,12,232,2,3,0,5
"2017","gob",5,1682,4,2,398,1,3,31,23,1,0,2,21,164,1,5,166,5
"2017","gob",5,1683,4,2,415,2,1,10,29,1,0,5,20,169,3,2,176,4
"2017","gob",5,1684,2,1,302,0,3,15,16,2,1,2,16,129,1,5,125,5
"2017","gob",5,1685,2,1,290,1,0,5,12,3,0,0,12,77,1,4,117,2
"2017","gob",5,1686,2,1,161,1,0,4,6,2,0,0,12,80,1,4,69,2
"2017","gob",5,1687,2,1,213,0,0,9,10,0,0,0,11,83,2,4,87,2
"2017","gob",5,1688,2,1,288,0,0,7,17,0,0,1,21,171,1,3,124,5
"2017","gob",5,1689,2,1,241,0,3,6,20,4,0,2,22,114,1,3,91,1
"2017","gob",5,1690,2,1,309,0,3,14,13,1,1,1,20,100,2,4,125,1
"2017","gob",5,1691,2,1,228,0,1,10,15,0,0,0,21,143,1,8,87,4
"2017","gob",5,1692,2,1,365,0,4,9,19,2,1,0,23,151,0,3,149,4
"2017","gob",5,1693,2,1,204,0,1,19,14,0,1,0,19,109,2,1,82,3
"2017","gob",5,1694,2,1,275,0,3,14,13,0,0,0,28,92,0,12,115,0
"2017","gob",5,1695,2,1,279,2,4,5,32,1,0,0,24,118,3,4,111,5
"2017","gob",5,1696,2,1,244,0,1,14,10,0,0,0,21,91,1,1,95,2
"2017","gob",5,1697,2,1,258,0,0,13,15,2,0,1,16,102,0,0,110,1
"2017","gob",5,1698,2,1,277,0,1,11,31,2,1,0,20,108,0,2,104,4
"2017","gob",5,1699,2,1,255,0,3,13,23,2,0,0,14,105,1,2,102,3
"2017","gob",5,1700,2,1,0,0,0,0,0,0,0,0,0,0,0,0,0,0
"2017","gob",5,1701,2,1,344,0,5,9,15,1,0,0,10,120,0,1,129,3
"2017","gob",5,1702,2,1,326,0,1,13,19,0,0,0,20,102,0,2,142,0
"2017","gob",5,1703,2,1,238,1,4,13,15,2,1,1,17,109,2,2,88,2
"2017","gob",5,1704,2,1,170,0,1,5,7,0,0,0,16,78,0,3,66,1
"2017","gob",5,1705,2,1,207,0,1,4,13,1,1,0,20,79,1,3,81,5
"2017","gob",5,1706,2,1,307,0,3,21,22,3,2,0,17,161,2,0,125,5
"2017","gob",5,1707,2,1,400,0,14,17,18,1,1,1,18,118,3,6,162,5
"2017","gob",5,1708,2,1,304,0,2,22,23,0,0,0,14,117,1,4,129,2
"2017","gob",5,1709,2,1,193,0,2,15,9,1,0,1,21,125,0,0,78,3
"2017","gob",5,1710,4,2,346,0,1,12,29,2,1,1,28,192,1,2,150,6
